Kanji;Level;Grade;Strokes;UpperReading;LowerReading;MeaningEng;MeaningRus;;
日;1;1;4;ニチ, ニ, -ジッ;ひ, -び, -か;day, sun;;;
月;1;1;4;ゲツ, -ガツ;つき;month, moon;;N5;1
木;1;1;4;ボク, モク;き;tree, wood;;N4;2
山;1;1;3;サン;やま;mountain;;N3;3
川;1;1;3;セン;かわ, -がわ;river;;N2;4
田;2;1;5;デン;た, -だ;rice field;;N1;5
人;1;1;2;ジン, ニン;ひと;man, person;;;
口;1;1;3;コウ;くち, -ぐち;mouth;;;
車;1;1;7;シャ;くるま;car;;None = 0,;
門;2;2;8;モン;かど;gate;;Grade1 = 1,;
火;1;1;4;カ;ひ;fire;;Grade2 = 2,;
水;1;1;4;スイ;みず;water;;Grade3 = 3,;
金;1;1;8;キン;かね;gold, money, metal;;Grade4 = 4,;
土;1;1;3;ド;つち;soil, earth, ground;;Grade5 = 5,;
子;1;1;3;シ;こ;child;;Grade6 = 6,;
女;1;1;3;ジョ;おんな;woman, female;;KanjiForUseInNames = 7,;
学;1;1;8;ガク, ガッ-;まな-ぶ;study;;SecondarySchoolKanji = 8,;
生;1;1;5;セイ;い-きる, う-まれる;life, birth;;ChangesToThe常用漢字 = 9,;
先;1;1;6;セン;さき;previous, foregoing;;Other = 10,;
私;2;6;7;シ;わたくし, わたし;private;;;
一;1;1;1;イチ;ひと-つ;one;;;
二;1;1;2;ニ;ふた-つ;two;;;
三;1;1;3;サン;みっ-つ;three;;;
四;1;1;5;シ;よっ-つ, よん/よ;four;;;
五;1;1;4;ゴ;いつ-つ;five;;;
六;1;1;4;ロク, ロッ-;むっ-つ;six;;;
七;1;1;2;シチ;なな-つ;seven;;;
八;1;1;2;ハチ, ハッ-;やっ-つ;eight;;;
九;1;1;2;キュウ, ク;ここの-つ;nine;;;
十;1;1;2;ジュウ, ジュッ-, ジッ-;とお;ten;;;
百;1;1;6;ヒャク, -ビャク, -ピャク;-;hundred;;;
千;1;1;3;セン, -ゼン;ち;thousand;;;
万;1;2;3;マン, バン;-;ten thousand, all, every;;;
円;1;1;4;エン;-;circle, yen;;;
年;1;1;6;ネン;とし;year, age;;;
上;1;1;3;ジョウ;うえ, あ-がる, のぼ-る, あ-げる;above, up, on, superior;;;
下;1;1;3;カ, ゲ;した, さ-がる, さ-げる, くだ-る;under, down, inferior;;;
中;1;1;4;チュウ, -ジュウ;なか;inside, middle;;;
大;1;1;3;ダイ, タイ;おお-きい;large, big, great;;;
小;1;1;3;ショウ;ちい-さい, こ, お;little, small;;;
本;1;1;5;ホン;もと;root, origin, true, main;;;
半;1;2;5;ハン;なか-ば;half;;;
分;1;2;4;ブン, ブ, フン, -プン;わ-かれる, わ-かる, わ-ける;division, part, minute;;;
力;2;1;2;リョク, リキ;ちから;power, force, ability;;;
何;1;2;7;カ;なに, なん;what;;;
明;2;2;8;メイ;あか-るい, あ-ける;bright, light;;;
休;1;1;6;キュウ;やす-む;rest;;;
体;2;2;7;タイ;からだ;body;;;
好;2;4;6;コウ;す-きな, す-く;love, like, favorite;;;
男;1;1;7;ダン, ナン;おとこ;male, man;;;
林;2;1;8;リン;はやし;wood, grove;;;
森;2;1;12;シン;もり;forest, jungle;;;
間;1;2;12;カン;あいだ, ま;between, interval;;;
畑;4;3;9;-;はた, はたけ;cultivated field;;;
岩;4;2;8;ガン;いわ;rock;;;
目;1;1;5;モク;め;eye, item;;;
耳;1;1;6;ジ;みみ;ear;;;
手;1;1;4;シュ;て;hand;;;
足;1;1;7;ソク;あし, た-りる, た-す;leg, pair, sufficient;;;
雨;1;1;8;ウ;あめ;rain;;;
竹;3;1;6;チク;たけ;bamboo;;;
米;3;2;6;ベイ, マイ;こめ;rice, (for USA);;;
貝;4;1;7;バイ;かい;shellfish;;;
石;3;1;5;セキ;いし;stone;;;
糸;4;1;6;シ;いと;thread, string;;;
花;1;1;7;カ;はな;flower;;;
茶;2;2;9;チャ, サ;-;tea;;;
肉;2;2;6;ニク;-;flesh, meat;;;
文;2;1;4;ブン, モン;ふみ;pattern, letter, sentence;;;
字;2;1;6;ジ;-;letter, character;;;
物;2;3;8;ブツ, モツ;もの;thing;;;
牛;2;2;4;ギュウ;うし;cattle, cow, bull, ox;;;
馬;3;2;10;バ;うま;horse;;;
鳥;2;2;11;チョウ;とり;bird;;;
魚;1;2;11;ギョ;うお, さかな;fish;;;
新;1;2;13;シン;あたら-しい;new;;;
古;1;2;5;コ;ふる-い;old;;;
長;1;2;8;チョウ;なが-い;long, eldest, chief;;;
短;2;3;12;タン;みじか-い;short;;;
高;1;2;10;コウ;たか-い;high, expensive;;;
安;1;3;6;アン;やす-い;safe, cheap;;;
低;2;4;7;テイ;ひく-い;low;;;
暗;2;3;13;アン;くら-い;dark;;;
多;1;2;6;タ;おお-い;many, much;;;
少;1;2;4;ショウ;すく-ない, すこ-し;few, little;;;
行;1;2;6;コウ, ギョウ;い-く, おこな-う;go, conduct, line;;;
来;1;2;7;ライ;く-る, こ-ない, き-ます, き-た;come, next;;;
帰;2;2;10;キ;かえ-る;return, go (come) back;;;
食;1;2;9;ショク;た-べる;eat, food;;;
飲;1;3;12;イン;の-む;drink;;;
見;1;1;7;ケン;み-る, み-える, み-せる;see, look, view;;;
聞;1;2;14;ブン;き-く, き-こえる;hear;;;
読;1;2;14;ドク;よ-む;read;;;
書;1;2;10;ショ;か-く;write, book, document;;;
話;1;2;13;ワ;はな-す, はなし;talk;;;
買;1;2;12;バイ;か-う;buy;;;
教;2;2;11;キョウ;おし-える;teach, educate, religion;;;
朝;2;2;12;チョウ;あさ;morning;;;
昼;2;2;9;チュウ;ひる;daytime, noon;;;
夜;2;2;8;ヤ;よ, よる;night;;;
晩;3;6;12;バン;-;night;;;
夕;2;1;3;セキ;ゆう;evening;;;
方;2;2;4;ホウ;かた, -がた;direction, way, means;;;
午;1;2;4;ゴ;-;noon;;;
前;1;2;9;ゼン;まえ;front, before, previous;;;
後;1;2;9;ゴ, コウ;あと, のち, うし-ろ;after, behind, back, later;;;
毎;1;2;6;マイ;-;every;;;
週;1;2;11;シュウ;-;week;;;
曜;2;2;18;ヨウ;-;luminary day of the week;;;
作;2;2;7;サク, サ;つく-る;make, produce;;;
泳;4;3;8;エイ;およ-ぐ;swim;;;
油;3;3;8;ユ;あぶら;oil;;;
海;2;2;9;カイ;うみ;sea;;;
酒;3;3;10;シュ;さけ;rice wine, liquor;;;
待;2;3;9;タイ;ま-つ, まち;wait, hospitality;;;
校;1;1;10;コウ;-;school;;;
時;1;2;10;ジ;とき;time, hour;;;
言;1;2;7;ゲン, ゴン;い-う;say;;;
計;2;2;9;ケイ;はか-る;measure;;;
語;1;2;14;ゴ;かた-る;word, language;;;
飯;2;4;12;ハン;めし;meal, food, cooked rice;;;
宅;3;6;6;タク;-;home, house, residence;;;
客;3;3;9;キャク;-;guest, customer;;;
室;2;2;9;シツ;-;room;;;
家;2;2;10;カ, ケ;いえ, や;house;;;
英;2;4;8;エイ;-;superb, (for England);;;
薬;2;3;16;ヤク;くすり;medicine;;;
会;1;2;6;カイ;あ-う;meeting, association;;;
今;1;2;4;コン;いま;now, present;;;
雪;3;2;11;セツ;ゆき;snow;;;
雲;3;2;12;ウン;くも;cloud;;;
電;1;2;13;デン;-;electricity;;;
売;2;2;7;バイ;う-る;sell;;;
広;2;2;5;コウ;ひろ-い;wide, spacious;;;
店;1;2;8;テン;みせ;shop;;;
度;2;3;9;ド;-;degree, frequency;;;
病;2;3;10;ビョウ;-;sick;;;
疲;4;8;10;ヒ;つか-れる;fatigue, worn out;;;
痛;4;6;12;ツウ;いた-い, いた-む;pain;;;
屋;2;3;9;オク;や;roof, house, shop;;;
国;1;2;8;コク;くに;country;;;
回;2;2;6;カイ;まわ-す, まわ-る;turn, round;;;
困;3;6;7;コン;こま-る;trouble;;;
開;2;3;12;カイ;あ-く, ひら-く, あ-ける;open;;;
閉;3;6;11;ヘイ;し-まる, し-める, と-じる;close;;;
近;2;2;7;キン;ちか-い;near, recent;;;
遠;2;2;13;エン;とお-い;far, remote;;;
速;3;3;10;ソク;はや-い;speedy;;;
遅;4;8;12;チ;おそ-い, おく-れる;slow, late;;;
道;1;2;12;ドウ;みち;way, street;;;
青;2;1;8;セイ;あお-い;blue;;;
晴;3;2;12;セイ;は-れる, は-れ;fine, clear up;;;
静;3;4;14;セイ;しず-かな;silent, still;;;
寺;3;2;6;ジ;てら;temple;;;
持;2;3;9;ジ;も-つ;hold;;;
荷;4;3;10;カ;に;load;;;
歌;2;2;14;カ;うた, うた-う;song;;;
友;1;2;4;ユウ;とも;friend;;;
父;1;2;4;フ;ちち;father;;;
母;1;2;5;ボ;はは;mother;;;
兄;2;2;5;キョウ, ケイ;あに;elder brother;;;
姉;2;2;8;シ;あね;elder sister;;;
弟;2;2;7;テイ, -ダイ;おとうと;younger brother;;;
妹;2;2;8;マイ;いもうと;younger sister;;;
夫;3;4;4;フ, フウ;おっと;husband;;;
妻;3;5;8;サイ;つま;wife;;;
彼;4;8;8;ヒ;かれ, かの-;he;;;
主;2;3;5;シュ;ぬし, おも-な;lord, chief, main, owner;;;
奥;4;8;12;オウ;おく;deep, inside, interior;;;
元;2;2;4;ゲン, ガン;もと;origin, source, base;;;
気;1;1;6;キ;-;spirit, mind, air, atmosphere;;;
有;2;3;6;ユウ;あ-る;possess, have, exist;;;
名;1;1;6;メイ, ミョウ;な;name, famous, members;;;
親;2;2;16;シン;おや, した-しい;parent, kinship;;;
切;2;2;4;セツ;き-る, きっ-;cut, end, moderate;;;
便;2;4;9;ベン, ビン;たよ-り;current, traffic, convenience;;;
利;3;4;7;リ;き-く;profit, proficient;;;
不;2;4;4;フ, ブ-;-;un-, in-, not;;;
若;3;6;8;ジャク;わか-い;young;;;
早;2;1;6;ソウ;はや-い;early;;;
忙;4;8;6;ボウ;いそが-しい;busy;;;
出;1;1;5;シュツ, シュッ-;で-る, だ-す;come, go out;;;
入;1;1;2;ニュウ;はい-る, い-れる;enter, put in;;;
乗;2;3;9;ジョウ;の-る, の-せる;ride;;;
降;3;6;10;コウ;お-りる, ふ-る, お-ろす;descend;;;
着;2;3;12;チャク;き-る, つ-く;reach, arrive, wear;;;
渡;4;8;12;ト;わた-る, わた-す;cross;;;
通;2;2;10;ツウ;とお-る, かよ-う, とお-す;pass, commute;;;
走;2;2;7;ソウ;はし-る;run;;;
歩;2;2;8;ホ, -ポ;ある-く;walk;;;
止;2;2;4;シ;と-まる, と-める;stop;;;
動;2;3;11;ドウ;うご-く, うご-かす;move;;;
働;2;4;13;ドウ;はたら-く;work;;;
右;1;1;5;ウ, ユウ;みぎ;right;;;
左;1;1;5;サ;ひだり;left;;;
東;1;2;8;トウ;ひがし;east;;;
西;1;2;6;セイ, サイ;にし;west;;;
北;1;2;5;ホク, ホッ-;きた;north;;;
南;1;2;9;ナン;みなみ;south;;;
外;1;2;5;ガイ, ゲ;はず-れる, そと, はず-す, ほか;out, outer, other, foreign;;;
内;2;2;4;ナイ;うち;inside, within, inner;;;
部;3;3;11;ブ;-;department, section, club, part;;;
駅;1;3;14;エキ;-;station;;;
社;1;2;7;シャ, -ジャ;-;shrine, company, assembling;;;
院;2;3;10;イン;-;hall, house, institute;;;
地;2;2;6;チ, ジ;-;ground, base;;;
鉄;3;3;13;テツ;-;iron;;;
工;2;2;3;コウ;-;craft, skill, construction;;;
場;2;2;12;ジョウ;ば;scene, place;;;
図;2;2;7;ズ, ト;-;diagram, devise;;;
館;2;3;16;カン;-;mansion, hall;;;
公;3;2;4;コウ;おおやけ;public, official;;;
園;3;2;13;エン;その;garden;;;
住;2;3;7;ジュウ;す-む;dwell, inhabit;;;
所;2;3;8;ショ, -ジョ;ところ;place, that which;;;
番;3;2;12;バン;-;number, order;;;
号;3;3;5;ゴウ;-;call, naming, [suffix] order;;;
市;2;2;5;シ;いち;city, market;;;
町;2;1;7;チョウ;まち;town;;;
村;2;1;7;ソン;むら;village;;;
区;2;3;4;ク;-;division, section, ward;;;
都;2;3;11;ト;みやこ;capital, big city, Tokyo;;;
府;3;4;8;フ;-;administrative, prefecture;;;
県;2;3;9;ケン;-;prefecture;;;
島;3;3;10;トウ;しま;island;;;
京;2;2;8;キョウ, ケイ;-;capital;;;
様;3;3;14;ヨウ;さま;appearance, Mr., Mrs., Miss;;;
練;3;3;14;レン;ね-る;knead;;;
習;2;3;11;シュウ;なら-う;practice;;;
勉;2;3;10;ベン;-;endeavor;;;
強;2;2;11;キョウ;つよ-い;force, strong;;;
研;2;3;9;ケン;-;grind, sharpen;;;
究;2;3;7;キュウ;きわ-める;to carry to extremity;;;
留;3;5;10;リュウ;と-まる, と-める;stay, detain;;;
質;2;5;15;シツ;-;quality, question;;;
問;2;3;11;モン;と-う, とい;inquire, question;;;
題;2;3;18;ダイ;-;title, theme;;;
答;2;2;12;トウ;こた-える;answer;;;
宿;3;3;11;シュク;やど;lodging, dwelling;;;
政;3;5;9;セイ;-;administration;;;
治;3;4;8;ジ, チ;おさ-まる, なお-る, おさ-める, なお-す;govern;;;
経;3;5;11;ケイ;へ-る;control, pass through;;;
済;3;6;11;サイ, -ザイ;す-む, す-ます;finish, save;;;
歴;3;4;14;レキ;-;career;;;
史;3;4;5;シ;-;history;;;
育;3;3;8;イク;そだ-つ, そだ-てる;breed, raise;;;
化;3;3;4;カ;ば-ける;change, -ization;;;
理;2;2;11;リ;-;reason, ration, logic;;;
科;3;2;9;カ;-;branch, division;;;
数;3;2;13;スウ;かず, かぞ-える;number, some, several;;;
医;2;3;7;イ;-;medical, doctor;;;
映;2;6;9;エイ;うつ-る, うつ-す;reflect;;;
画;2;2;8;ガ, カク;-;picture, Kanji strokes;;;
写;2;3;5;シャ;うつ-る, うつ-す;copy, project;;;
真;2;3;10;シン;ま, まっ-;true, genuine, just, exact;;;
音;2;1;9;オン;おと;sound;;;
楽;2;2;13;ガク, ラク;たの-しい, たの-しむ;amuse, pleasant, music;;;
料;2;4;10;リョウ;-;ingredients, fee, fare;;;
組;3;2;11;ソ;く-む, くみ, -ぐみ;assemble, unite;;;
思;2;2;9;シ;おも-う;think, fancy;;;
色;2;2;6;ショク;いろ;color, feature;;;
白;1;1;5;ハク;しろ, しろ-い;white, confess;;;
黒;2;2;11;コク;くろ, くろ-い;black;;;
赤;2;1;7;セキ;あか, あか-い;red;;;
起;2;3;10;キ;お-きる, お-きる, おこ-す;rise, initiate;;;
寝;4;8;13;シン;ね-る, ね-かす;sleep;;;
遊;3;3;12;ユウ;あそ-ぶ;play, fun, wander;;;
立;1;1;5;リツ;た-つ, たち-, たてる;stand, establish;;;
座;3;6;10;ザ;すわ-る;seat;;;
使;2;3;8;シ;つか-う;use;;;
始;2;3;8;シ;はじ-まる, はじ-める;begin, start;;;
終;2;3;11;シュウ;お-わる, お-える;end;;;
貸;2;5;12;タイ;か-す;lend, rent;;;
借;2;4;10;シャク, シャッ-;か-りる;borrow, rent;;;
返;3;3;7;ヘン;かえ-る, かえ-す;return, back;;;
送;2;3;9;ソウ;おく-る;send;;;
結;3;4;12;ケツ, ケッ-;むす-ぶ;connect, conclude;;;
婚;3;8;11;コン;-;wedding;;;
離;4;8;19;リ;はな-す, はな-れる;separate;;;
席;3;4;10;セキ;-;seat;;;
欠;3;4;4;ケツ, ケッ-;か-ける, か-く;defect, lack;;;
予;3;3;4;ヨ;-;previous, preparatory;;;
定;3;3;8;テイ;さだ-まる, さだ-める;fix, settle;;;
洋;2;3;9;ヨウ;-;ocean, occidental;;;
式;3;3;6;シキ;-;ceremony, formula, style;;;
和;3;3;8;ワ;-;peace, sum, Japanese;;;
活;3;2;9;カツ, カッ-;-;vivid, vigor;;;
春;2;2;9;シュン;はる;spring;;;
夏;2;2;10;カ;なつ;summer;;;
秋;2;2;9;シュウ;あき;autumn;;;
冬;2;2;5;トウ;ふゆ;winter;;;
暑;2;3;12;ショ;あつ-い;hot (for climate);;;
熱;3;4;15;ネツ, ネッ-;あつ-い;hot (for things);;;
寒;2;3;12;カン;さむ-い;cold (for climate);;;
冷;3;4;7;レイ;ひ-える, つめ-たい, ひ-やす;cold (for things);;;
暖;4;6;13;ダン;あたた-かい;warm (for climate);;;
温;3;3;12;オン;あたた-まる, あたた-かい, あたた-める;warm (for things);;;
涼;4;8;11;リョウ;すず-しい;cool, refreshing;;;
天;1;1;4;テン;あめ, あま-;weather;;;
仕;2;3;5;シ;つか-える;serve;;;
事;2;3;8;ジ;こと;affair, fact, engagement;;;
者;2;3;8;シャ;もの;person;;;
運;2;3;12;ウン;はこ-ぶ;carry, fate;;;
転;2;3;11;テン;ころ-ぶ;roll, turn;;;
選;3;4;15;セン;えら-ぶ;select;;;
記;3;2;10;キ;-;record, describe;;;
議;3;4;20;ギ;-;discussion;;;
員;2;3;10;イン;-;member;;;
商;3;3;11;ショウ;-;commerce, merchandize;;;
業;2;3;13;ギョウ;-;job, business;;;
農;3;3;13;ノウ;-;farming, agriculture;;;
良;3;4;7;リョウ;よ-い;good;;;
悪;2;3;11;アク;わる-い;bad, ill;;;
点;3;2;9;テン;-;point, score;;;
正;2;1;5;セイ, ショウ;ただ-しい;correct, right;;;
違;3;8;13;イ;ちが-う;differ;;;
同;2;2;6;ドウ;おな-じ;same;;;
適;4;5;14;テキ;-;proper, fit;;;
当;3;2;6;トウ;あ-たる, あ-てる;hit, concerned;;;
難;3;6;18;ナン;むずか-しい;difficult;;;
次;3;3;6;ジ;つ-ぐ, つぎ;next;;;
形;3;2;7;ケイ, ギョウ;かたち;shape;;;
味;2;3;8;ミ;あじ, あじ-わう;taste;;;
試;2;4;13;シ;こころ-みる, ため-す;test, try;;;
験;2;4;18;ケン;-;proof, examine;;;
面;3;3;9;メン;おも;face, surface;;;
接;3;5;11;セツ, セッ-;つ-ぐ;connect;;;
説;2;4;14;セツ, セッ-;-;explain;;;
果;3;4;8;カ;-;fruit, result;;;
合;2;2;6;ゴウ, ガッ;あ-う, あ-わす;suit, combine;;;
格;3;5;10;カク;-;structure, rank, frame;;;
受;3;3;8;ジュ;う-かる, う-ける;receive;;;
落;3;3;12;ラク, ラッ-;お-ちる, お-とす;fall, drop;;;
残;3;4;10;ザン;のこ-る, のこ-す;remain;;;
念;3;4;8;ネン;-;sense, desire;;;
指;3;3;9;シ;ゆび, さ-す;finger, point out;;;
折;4;4;7;セツ;お-る;fold, break;;;
払;4;8;5;-;はら-う;pay;;;
投;3;3;7;トウ;な-げる;throw, cast;;;
打;3;3;5;ダ;う-つ;strike, hit;;;
深;3;3;11;シン;ふか-い, ふか-まる, ふか-める;deep;;;
洗;2;6;9;セン;あら-う;wash;;;
流;3;3;10;リュウ;なが-れる, なが-す;stream;;;
消;3;3;10;ショウ;き-える, け-す;diminish, erase;;;
決;3;3;7;ケツ/ケッ-;き-まる, き-める;determine;;;
旅;2;3;10;リョ;たび;travel;;;
約;3;4;9;ヤク;-;promise, approximate;;;
案;3;4;10;アン;-;idea, well-informed;;;
準;3;5;13;ジュン;-;level, semi-;;;
備;3;5;12;ビ;-;provide;;;
相;3;3;9;ソウ, ショウ;あい;face to face, minister;;;
談;3;3;15;ダン;-;talk;;;
連;3;4;10;レン;つ-れる;pair, link;;;
絡;4;8;12;ラク;-;tangle;;;
泊;4;8;8;ハク, -パク;と-まる, と-める;lodge, stay;;;
特;2;4;10;トク, トッ-;-;special;;;
急;2;3;9;キュウ;いそ-ぐ;quick, hurry;;;
線;3;2;15;セン;-;line;;;
発;2;3;9;ハツ, ハッ-, -パツ;-;issue, start;;;
到;4;8;8;トウ;-;reach, approach;;;
交;3;2;6;コウ;まじ-る, まじ-わる;cross, exchange;;;
機;3;4;16;キ;-;machinery, chance;;;
関;3;4;14;カン;-;barrier, relate, joint;;;
局;3;3;7;キョク;-;section, bureau;;;
信;3;4;9;シン;-;trust, believe, message;;;
路;3;3;13;ロ;-;road, route;;;
故;4;5;9;コ;-;old & dear, late, obstacle;;;
注;2;3;8;チュウ;-;pour, focus;;;
意;2;3;13;イ;-;intention, meaning;;;
押;4;8;8;-;お-す;press, push;;;
引;2;2;4;イン;ひ-く;pull, draw;;;
割;3;6;12;カツ;わ-れる, わ-る, わり;divide, cut;;;
営;3;5;12;エイ;-;carry on, operate;;;
自;2;2;6;ジ;-;self;;;
由;3;3;5;ユ, ユウ;-;course, line;;;
取;3;3;8;シュ;と-る;get, hold, acquire;;;
求;3;4;7;キュウ;もと-める;request, demand;;;
願;3;4;19;ガン;ねが-う;pray, beg;;;
知;2;2;8;チ;し-る;know, aware, intelligence;;;
台;2;2;5;ダイ, タイ;-;board, table, base;;;
窓;4;6;11;ソウ;まど;window;;;
具;3;3;8;グ;-;equipment, instrument;;;
器;3;4;15;キ;うつわ;container, tool, physical organ;;;
用;2;2;5;ヨウ;もち-いる;use, errand;;;
服;2;3;8;フク;-;clothes, dress, obey;;;
紙;2;2;10;シ;かみ;paper, journal;;;
辞;3;4;13;ジ;-;term, affix, resign;;;
雑;4;5;14;ザツ, ザッ-, (ゾウ);-;rough, miscellaneous;;;
誌;4;6;14;シ;-;record, magazine;;;
銀;2;3;14;ギン;-;silver;;;
資;3;5;13;シ;-;capital, fund;;;
品;2;3;9;ヒン;しな;article, goods (human quality);;;
個;3;5;10;コ;-;individual;;;
価;3;5;8;カ;-;price;;;
産;2;4;11;サン;う-まれる, う-む;produce, give birth;;;
期;3;3;12;キ;-;term, period, expect;;;
々;0;10;3;-;-;(symbol of repetition);;;
報;3;5;12;ホウ;-;report, reward;;;
告;3;4;7;コク;-;tell, announce;;;
心;2;2;4;シン;こころ;heart;;;
感;3;3;13;カン;-;feel, sense;;;
情;3;5;11;ジョウ;なさ-け;emotion, state of affairs;;;
悲;4;3;12;ヒ;かな-しい, かな-しむ;sorrow;;;
泣;3;4;8;-;な-く;weep, cry;;;
笑;3;4;10;ショウ;わら-う;laugh, smile;;;
頭;2;2;16;トウ, ズ;あたま;head, leader;;;
覚;3;4;12;カク;さ-める, おぼ-える, さ-ます;awake, sense;;;
忘;3;6;7;ボウ;わす-れる;forget;;;
考;2;2;6;コウ;かんが-える;think;;;
伝;3;4;6;デン;つた-わる, つた-える;transmit, legend;;;
代;2;3;5;ダイ, タイ;か-わる, か-える;substitution, period, fee;;;
呼;3;6;8;コ;よ-ぶ;call;;;
焼;3;4;12;ショウ;や-ける, や-く;burn;;;
曲;3;3;6;キョク;ま-がる, ま-げる;bend, curve, melody;;;
脱;4;8;11;ダツ, ダッ-;ぬ-げる, ぬ-ぐ;undress, drop out;;;
別;2;4;7;ベツ;わか-れる;separate, part with;;;
集;2;3;12;シュウ;あつ-まる, あつ-める;collect, assemble;;;
並;3;6;8;ヘイ;なら-ぶ, なみ, なら-べる;line up;;;
喜;3;4;12;キ;よろこ-ぶ;joy, pleasure;;;
驚;0;8;22;キョウ;おどろ-く;surprise, astonish;;;
細;3;2;11;サイ;ほそ-い, こま-かい;slender, minute;;;
太;2;2;4;タイ;ふと-い, ふと-る;fat, big;;;
重;2;3;9;ジュウ;おも-い;heavy, important;;;
軽;2;3;12;ケイ;かる-い;light;;;
狭;4;8;9;キョウ;せま-い;narrow;;;
弱;2;2;10;ジャク;よわ-い, よわ-る;weak;;;
眠;4;8;10;ミン;ねむ-い, ねむ-る;sleep;;;
苦;3;3;8;ク;くる-しい, にが-い, くる-しむ;pain, bitter;;;
簡;4;6;18;カン;-;simple, epistle;;;
単;3;4;9;タン;-;simple;;;
空;1;1;8;クウ;あ-く, そら,あ-ける;sky, air, empty, vacant;;;
港;3;3;12;コウ;みなと;port, harbor;;;
飛;3;4;9;ヒ;と-ぶ, と-ばす;fly;;;
階;3;3;12;カイ;-;step, floor;;;
建;2;4;9;ケン;た-つ, た-てる;build, construct;;;
設;3;5;11;セツ, セッ-;-;found, establish;;;
完;3;4;7;カン;-;complete;;;
成;3;4;6;セイ;な-る, なり;form, emerge;;;
費;3;4;12;ヒ;-;spend, expense;;;
放;3;3;8;ホウ;-;release, let go;;;
位;3;4;7;イ;くらい;position, approximate;;;
置;3;4;13;チ;お-く;put, place;;;
横;3;3;15;オウ;よこ;horizontal side, wide;;;
向;3;3;6;コウ;む-く, む-こう, む-ける;direction, orientate;;;
原;3;2;10;ゲン;はら;field, origin, basic;;;
平;3;3;5;ヘイ, ビョウ;たい-ら;plain, flat, even;;;
野;2;2;11;ヤ;の;field, wild, untamed;;;
風;2;2;9;フウ;かぜ;wind, atmosphere;;;
両;3;3;6;リョウ;-;both, two, money;;;
橋;3;3;16;キョウ;はし;bridge;;;
老;3;4;6;ロウ;(お-いる);aged;;;
族;2;3;11;ゾク;-;tribe, clan;;;
配;3;3;10;ハイ, -パイ;くば-る;supply, deliver;;;
術;3;5;11;ジュツ;-;art, skill;;;
退;3;5;9;タイ;-;retreat;;;
効;4;5;8;コウ;き-く;effect;;;
民;2;4;5;ミン;-;people, folk;;;
訪;4;6;11;ホウ;たず-ねる, おとず-れる;visit;;;
顔;2;2;18;ガン;かお;face;;;
歯;3;3;12;シ;は;tooth;;;
卒;3;4;8;ソツ;-;graduate;;;
論;3;6;15;ロン;-;discuss, debate;;;
実;3;3;8;ジツ;み, みの-る;fruit, real;;;
調;3;3;15;チョウ;しら-べる;research, tone;;;
必;3;4;5;ヒツ;かなら-ず;necessity;;;
要;3;4;9;ヨウ;い-る;indispensable, essential;;;
類;3;4;18;ルイ;-;genus, sort;;;
得;3;4;11;トク;え-る;gain, obtain;;;
失;3;4;5;シツ, シッ-;うしな-う;lose;;;
礼;3;3;5;レイ;-;bow, gratitude, ceremony;;;
増;3;5;14;ゾウ;ふ-える, ま-す, ふ-やす;add, increase;;;
加;3;4;5;カ;くわ-わる, くわ-える;add;;;
減;3;5;12;ゲン;へ-る, へ-らす;decrease;;;
変;3;4;9;ヘン;か-わる, か-える;change;;;
移;3;5;11;イ;うつ-る, うつ-す;transfer;;;
続;3;4;13;ゾク;つづ-く, つづ-ける;continue;;;
過;3;5;12;カ;す-ぎる, す-ごす;exceed, pass;;;
進;2;3;11;シン;すす-む, すす-める;proceed, advance;;;
以;2;4;5;イ;-;from, than;;;
美;3;3;9;ビ;うつく-しい;beauty;;;
比;4;5;4;ヒ;くら-べる;compare;;;
較;4;8;13;カク;-;contrast;;;
反;3;3;4;ハン;-;opposite, anti- reserve;;;
対;3;3;7;タイ, ツイ;-;counter-, against;;;
賛;4;5;15;サン;-;approve;;;
共;3;4;6;キョウ;(とも);common, together;;;
直;3;2;8;チョク;なお-る, なお-す;direct, just, straight;;;
表;3;3;8;ヒョウ;あらわ-す;surface, appear, table;;;
現;3;5;11;ゲン;あらわ-れる, (あらわ-す);appearance, presence;;;
初;3;4;7;ショ;はじ-め, はじ-めて;begin, first;;;
全;3;3;6;ゼン;まった-く;whole, all;;;
最;2;4;12;サイ;もっと-も;most;;;
無;3;4;12;ム, ブ;な-い;no, non-, un-, dis-;;;
非;3;5;8;ヒ;-;not, non-, no good;;;
第;3;3;11;ダイ;-;rank;;;
的;3;4;8;テキ;-;target, (suffix to make na-Adj.);;;
性;3;5;8;セイ, (ショウ);-;sex, quality, (suffix to make N.);;;
法;3;4;8;ホウ, -ポウ;-;law, rules, method;;;
制;3;5;8;セイ;-;control, system;;;
課;3;4;15;カ;-;impose, assign, section;;;
丁;0;3;0;チョウ, テイ;;;;;
丈;0;8;0;ジョウ;たけ;;;;
与;3;8;0;ヨ;あた(える), あずか(る);give, award;;;
丑;0;10;0;;;;;;
且;0;8;0;かつ;;;;;
世;2;3;0;セイ, セ;よ;generation, world, society, public;;;
丘;0;8;0;キュウ;おか;;;;
丙;0;8;0;ヘイ;;;;;
丞;0;7;0;;;;;;
串;0;10;0;;;;;;
丸;3;2;0;ガン;まる, まる(い);"round; full (month); perfection";;;
丹;0;8;0;タン;;;;;
丼;0;10;0;;;;;;
乃;0;7;0;;;;;;
久;4;5;0;キュウ, ク;ひさ(しい);"long time; old story";;;
之;0;7;0;;;;;;
乎;0;7;0;;;;;;
乏;0;8;0;ボウ;とぼしい;;;;
乘;0;7;0;;;;;;
乙;0;8;0;オツ;;;;;
乞;0;9;0;;;;;;
也;0;7;0;;;;;;
乱;4;6;0;ラン;みだ(れる);"riot; war; disorder; disturb";;;
乳;4;6;0;ニュウ;ちち, ち;milk, breasts;;;
乾;4;8;0;カン;かわ(く);"drought; dry; drink up; heaven";;;
亀;0;10;0;;;;;;
了;4;8;0;リョウ;;"complete; finish";;;
争;3;4;0;ソウ;あらそ(う);contend, dispute, argue;;;
云;0;10;0;;;;;;
互;4;8;0;ゴ;たが(い), かたみ(に);mutually, reciprocally, together;;;
井;0;8;0;ショウ, セイ;い;;;;
亘;0;7;0;;;;;;
亙;0;7;0;;;;;;
些;0;10;0;;;;;;
亜;0;8;0;ア;;;;;
亞;0;7;0;;;;;;
亡;4;6;0;ボウ, モウ;な(くなる);deceased, dying;;;
亥;0;7;0;;;;;;
亦;0;7;0;;;;;;
亨;0;7;0;;;;;;
享;0;8;0;キョウ;;;;;
亭;0;8;0;テイ;;;;;
亮;0;7;0;;;;;;
仁;0;6;0;ジン, ニ;;;;;
介;4;8;0;カイ;;"jammed in; shellfish; mediate";;;
仏;4;5;0;ブツ;ほとけ;"Buddha; the dead";;;
仔;0;7;0;;;;;;
他;3;3;0;タ;ほか;other, another;;;
付;3;4;0;フ;つ(ける);adhere, attach, refer to, append;;;
仙;0;8;0;セン;;;;;
令;3;4;0;レイ;;"orders; command; decree";;;
仮;4;5;0;カ, ケ;かり;;;;
仰;0;8;0;ギョウ, コウ;あおぐ, おおせ;;;;
仲;4;4;0;チュウ;なか;"go-between; relationship";;;
件;3;5;0;ケン;くだん;affair, case, matter;;;
任;3;5;0;ニン;まか(せる);responsibility, duty;;;
企;4;8;0;キ;くわだてる;;;;
伊;0;10;0;;;;;;
伍;0;7;0;;;;;;
伎;0;9;0;;;;;;
伏;0;8;0;フク;ふす, ふせる;;;;
伐;0;8;0;バツ;;;;;
伯;0;8;0;ハク;;;;;
伴;0;8;0;ハン, バン;ともなう;;;;
伶;0;7;0;;;;;;
伸;4;8;0;シン;の(びる);"expand; stretch; extend";;;
伺;4;8;0;シ;うかが(う);"visit; ask; inquire; question";;;
似;4;5;0;ジ, ね;に(る);becoming, resemble, imitate;;;
伽;0;10;0;;;;;;
佃;0;10;0;;;;;;
但;0;8;0;ただし;;;;;
佐;0;8;0;サ;;;;;
佑;0;7;0;;;;;;
余;3;5;0;ヨ;あま(る);too much, surplus;;;
佛;0;7;0;;;;;;
佳;0;8;0;カ;;;;;
併;0;8;0;ヘイ;あわせる;;;;
侃;0;7;0;;;;;;
來;0;7;0;;;;;;
例;3;4;0;レイ;たと(えば);example;;;
侍;0;8;0;ジ;さむらい;;;;
侑;0;7;0;;;;;;
供;3;6;0;キョウ, ク, クウ;そな(える), とも;submit, offer, present, accompany;;;
依;4;8;0;イ, エ;よ(る);"reliant; depend on; consequently; therefore; due to";;;
侮;0;8;0;ブ;あなどる;;;;
侯;0;8;0;コウ;;;;;
侵;0;8;0;シン;おかす;;;;
侶;0;9;0;;;;;;
係;3;3;0;ケイ;かか(る), かかり;person in charge, connection;;;
促;0;8;0;ソク;うながす;;;;
俄;0;10;0;;;;;;
俊;0;8;0;シュン;;;;;
俐;0;7;0;;;;;;
俗;0;8;0;ゾク;;;;;
保;3;5;0;ホ, ホウ;たも(つ);protect, guarantee, keep;;;
俠;0;7;0;;;;;;
俣;0;7;0;;;;;;
修;4;5;0;シュ, シュウ, おさまる, おさめる;;;;;
俳;0;6;0;ハイ;;;;;
俵;0;5;0;ヒョウ, たわら;;;;;
俸;0;8;0;ホウ;;;;;
俺;0;10;0;;;;;;
倉;0;4;0;ソウ, くら;;;;;
倍;4;3;0;バイ;;"double; twice; times; fold";;;
倒;4;8;0;トウ;たお(れる);overthrow, fall, collapse;;;
倖;0;7;0;;;;;;
候;3;4;0;コウ;そうろう;climate, season, weather;;;
倣;0;8;0;ホウ, ならう;;;;;
値;4;6;0;チ;ね, あたい;price, cost, value;;;
倦;0;7;0;;;;;;
倫;0;8;0;リン;;;;;
倭;0;7;0;;;;;;
倶;0;10;0;;;;;;
倹;0;8;0;ケン;;;;;
偉;4;8;0;イ;えら(い);admirable, greatness;;;
偏;0;8;0;ヘン, かたよる;;;;;
停;4;4;0;テイ;と(める);"halt; stopping";;;
健;3;4;0;ケン, すこやか;;;;;
偲;0;7;0;;;;;;
側;3;4;0;ソク;がわ, そば;side, lean, oppose;;;
偵;0;8;0;テイ;;;;;
偶;4;8;0;グウ;たま;accidentally, even number;;;
偽;0;8;0;ギ, いつわる, にせ;;;;;
傍;0;8;0;ボウ, かたわら;;;;;
傑;0;8;0;ケツ;;;;;
傘;0;8;0;サン, かさ;;;;;
催;0;8;0;サイ, もよおす;;;;;
傭;0;7;0;;;;;;
傲;0;9;0;;;;;;
傳;0;7;0;;;;;;
債;0;8;0;サイ;;;;;
傷;0;6;0;ショウ, いたむ, いためる, きず;;;;;
傾;4;8;0;ケイ;かたむ(く);"lean; incline; tilt; trend; bias";;;
僅;0;10;0;;;;;;
像;4;5;0;ゾウ;;"statue; picture; image; figure";;;
僑;0;10;0;;;;;;
僕;0;8;0;ボク;;;;;
僚;0;8;0;リョウ;;;;;
僞;0;7;0;;;;;;
僧;0;8;0;ソウ;;;;;
價;0;7;0;;;;;;
僻;0;10;0;;;;;;
儀;0;8;0;ギ;;;;;
億;4;4;0;オク;;"hundred million; 10**8";;;
儉;0;7;0;;;;;;
儒;0;8;0;ジュ;;;;;
償;0;8;0;ショウ, つぐなう;;;;;
優;4;6;0;ユウ, ウ;やさ(しい), すぐ(れる);tenderness, kind, actor;;;
儲;0;7;0;;;;;;
允;0;10;0;;;;;;
充;0;8;0;ジュウ, あてる;;;;;
兆;4;4;0;チョウ;きざ(す);"trillion; sign; omen; symptoms";;;
光;2;2;0;コウ;ひか(る), ひかり;ray, light;;;
克;0;8;0;コク;;;;;
免;0;8;0;メン, まぬかれる;;;;;
兎;0;10;0;;;;;;
児;4;4;0;ジ;こ;"newborn babe; child";;;
兒;0;7;0;;;;;;
党;3;6;0;トウ;;party, faction, clique;;;
兜;0;10;0;;;;;;
兵;4;4;0;ヘイ, ヒョウ;つわもの;"soldier; private; troops; army";;;
其;0;10;0;;;;;;
典;4;4;0;テン;;;;;
兼;0;8;0;ケン, かねる;;;;;
冊;4;6;0;サツ;;"counter for books; volume";;;
再;3;5;0;サイ, サ;ふたた(び);again, twice, second time;;;
冒;0;8;0;ボウ, おかす;;;;;
冗;0;8;0;ジョウ;;;;;
冠;0;8;0;カン, かんむり;;;;;
冥;0;9;0;;;;;;
冨;0;7;0;;;;;;
冴;0;10;0;;;;;;
冶;0;9;0;;;;;;
凄;0;10;0;;;;;;
准;0;8;0;ジュン;;;;;
凉;0;7;0;;;;;;
凌;0;7;0;;;;;;
凍;4;8;0;トウ;こお(る), こご(える);"frozen; refrigerate";;;
凛;0;7;0;;;;;;
凜;0;7;0;;;;;;
凝;0;8;0;ギョウ, こらす, こる;;;;;
凡;0;8;0;ハン, ボン;;;;;
処;4;6;0;ショ;;dispose, manage, deal with;;;
凧;0;10;0;;;;;;
凪;0;7;0;;;;;;
凰;0;7;0;;;;;;
凱;0;7;0;;;;;;
凶;0;8;0;キョウ;;;;;
凸;0;8;0;トツ;;;;;
凹;0;8;0;オウ;;;;;
函;0;7;0;;;;;;
刀;4;2;0;トウ, かたな;;;;;
刃;0;8;0;ジン, は;;;;;
刈;0;8;0;-;かる;;;;
刊;4;5;0;カン;;"publish; carve; engrave";;;
刑;0;8;0;ケイ;;;;;
列;4;3;0;レツ, レ;;file, row, column;;;
判;3;5;0;ハン;;judgement, signature;;;
刷;4;4;0;サツ;す(る), は(く);"printing; print; brush";;;
券;4;5;0;ケン;;ticket;;;
刹;0;7;0;;;;;;
刺;4;8;0;シ;さ(す), さし, とげ;thorn, pierce, stab, prick, sting;;;
刻;4;6;0;コク;きざ(む);engrave, cut fine, chop;;;
剃;0;10;0;;;;;;
則;3;5;0;ソク;のっと(る);"rule; follow; based on";;;
削;0;8;0;サク, けずる;;;;;
剖;0;8;0;ボウ;;;;;
剛;0;8;0;ゴウ;;;;;
剣;0;8;0;ケン, つるぎ;;;;;
剤;0;8;0;ザイ;;;;;
剥;0;9;0;;;;;;
剩;0;7;0;;;;;;
副;3;4;0;フク;;"vice-; assistant; aide; duplicate; copy";;;
剰;0;8;0;ジョウ;;;;;
創;0;6;0;ソウ;;;;;
劇;4;6;0;ゲキ;;"drama; play";;;
劉;0;7;0;;;;;;
劍;0;7;0;;;;;;
功;4;4;0;ク, コウ;;;;;
劣;0;8;0;レツ, おとる;;;;;
助;3;3;0;ジョ;たす(ける);help, rescue, assist;;;
努;3;4;0;ド;つと(める);toil, diligent, as much as possible;;;
劫;0;7;0;;;;;;
励;0;8;0;レイ, はげます, はげむ;;;;;
労;3;4;0;ロウ;ろう(する), いたわ(る), ねぎら(う);labor, thank for;;;
劾;0;8;0;ガイ;;;;;
勁;0;7;0;;;;;;
勃;0;9;0;;;;;;
勅;0;8;0;チョク;;;;;
勇;4;4;0;ユウ;いさ(む);"courage; cheer up; bravery; heroism";;;
勘;0;8;0;カン;;;;;
務;3;5;0;ム;つと(める);task, duties;;;
勝;3;3;0;ショウ;か(つ), まさ(る);victory, win;;;
募;4;8;0;ボ;つの(る);"recruit; campaign";;;
勢;3;5;0;セイ;いきお(い);"forces; energy; military strength";;;
勤;3;6;0;キン, ゴン;つと(める);diligence, employed, serve;;;
勧;0;8;0;カン, すすめる;;;;;
勲;0;8;0;クン;;;;;
勳;0;7;0;;;;;;
勺;0;8;0;シャク;;;;;
勾;0;7;0;;;;;;
勿;0;10;0;;;;;;
匁;0;8;0;-;もんめ;;;;
匂;0;10;0;;;;;;
包;3;4;0;ホウ;つつ(む), くる(む);"wrap; pack up; cover; conceal";;;
匙;0;10;0;;;;;;
匠;0;8;0;ショウ;;;;;
匡;0;10;0;;;;;;
匹;4;8;0;ヒツ;ひき;counter for small animals;;;
匿;0;8;0;トク;;;;;
升;0;8;0;ショウ, ます;;;;;
卑;0;8;0;ヒ, いやしい, いやしむ, いやしめる;;;;;
卓;0;8;0;タク;;;;;
協;3;4;0;キョウ;;co-, cooperation;;;
博;0;4;0;ハク, バク;;;;;
卜;0;7;0;;;;;;
占;4;8;0;セン;し(める), うらな(う);"fortune-telling; divining; forecasting";;;
卯;0;7;0;;;;;;
印;3;4;0;イン;しるし;"stamp; seal; mark; symbol; trademark";;;
危;3;6;0;キ;あぶ(ない), あや(うい);dangerous, fear, uneasy;;;
即;0;8;0;ソク;;;;;
却;0;8;0;キャク;;;;;
卵;4;6;0;ラン;たまご;egg;;;
卷;0;7;0;;;;;;
卸;0;8;0;おろし, おろす;;;;;
卿;0;10;0;;;;;;
厄;0;8;0;ヤク;;;;;
厘;0;8;0;リン;;;;;
厚;4;5;0;コウ;あつ(い);"thick; heavy; rich";;;
厨;0;7;0;;;;;;
厩;0;7;0;;;;;;
厳;0;6;0;ゲン, ゴン, おごそか, きびしい;;;;;
去;2;3;0;キョ, コ;さ(る);gone, past, quit, leave, elapse, eliminate;;;
参;3;4;0;サン;まい(る);going, coming, participate;;;
又;0;8;0;-;また;;;;
叉;0;10;0;;;;;;
及;4;8;0;キュウ, および, およぶ, およぼす;;;;;
双;4;8;0;ソウ;ふた;"pair; set; comparison; counter for pairs";;;
収;4;6;0;シュウ;おさ(める);income, obtain, reap, pay, supply, store;;;
叔;0;8;0;シュク;;;;;
叙;0;8;0;ジョ;;;;;
叡;0;7;0;;;;;;
叢;0;7;0;;;;;;
句;0;5;0;ク;;;;;
叩;0;10;0;;;;;;
只;0;10;0;;;;;;
叫;4;8;0;キョウ;さけ(ぶ);"shout; exclaim; yell";;;
召;4;8;0;ショウ;め(す);"call; send for; wear; buy, to eat, to drink";;;
可;4;5;0;カ;;;;;
叱;0;10;0;;;;;;
叶;0;10;0;;;;;;
司;4;4;0;シ;;;;;
各;3;4;0;カク;おのおの;"each; every; either";;;
吉;0;8;0;キチ, キツ;;;;;
吊;0;10;0;;;;;;
后;0;6;0;コウ;;;;;
吏;0;8;0;リ;;;;;
吐;0;8;0;ト, はく;;;;;
君;4;3;0;クン;きみ;you, male name suffix;;;
吟;0;8;0;ギン;;;;;
吠;0;10;0;;;;;;
否;4;6;0;ヒ;いな, いや;negate, no, decline;;;
含;4;8;0;ガン;ふく(む);"contain; include";;;
吸;3;6;0;キュウ;す(う);suck, inhale;;;
吹;4;8;0;スイ;ふ(く);blow, breathe, puff;;;
吻;0;7;0;;;;;;
吾;0;7;0;;;;;;
呂;0;10;0;;;;;;
呈;0;8;0;テイ;;;;;
呉;0;8;0;ゴ;;;;;
呟;0;10;0;;;;;;
周;3;4;0;シュウ;まわ(り);"circumference; circuit; lap";;;
呪;0;10;0;;;;;;
命;3;3;0;メイ, ミョウ;いのち;fate, command;;;
咀;0;10;0;;;;;;
咲;4;8;0;ショウ;さ(く);"blossom; bloom";;;
咳;0;10;0;;;;;;
咽;0;9;0;;;;;;
哀;0;8;0;アイ, あわれ, あわれむ;;;;;
哉;0;7;0;;;;;;
哨;0;10;0;;;;;;
哩;0;7;0;;;;;;
哲;0;8;0;テツ;;;;;
唄;0;10;0;;;;;;
唆;0;8;0;サ, そそのかす;;;;;
唇;0;8;0;シン, くちびる;;;;;
唐;0;8;0;トウ, から;;;;;
唯;0;8;0;イ, ユイ;;;;;
唱;0;4;0;ショウ, となえる;;;;;
唾;0;9;0;;;;;;
啄;0;7;0;;;;;;
啓;0;8;0;ケイ;;;;;
善;4;6;0;ゼン, よい;;;;;
喉;0;10;0;;;;;;
喋;0;10;0;;;;;;
喚;0;8;0;カン;;;;;
喝;0;8;0;カツ;;;;;
喧;0;10;0;;;;;;
喩;0;9;0;;;;;;
喪;0;8;0;ソウ, も;;;;;
喫;4;8;0;キツ;の(む);consume, eat, drink, smoke, receive;;;
喬;0;7;0;;;;;;
單;0;7;0;;;;;;
喰;0;7;0;;;;;;
嗅;0;9;0;;;;;;
嗣;0;8;0;シ;;;;;
嘆;0;8;0;タン, なげかわしい, なげく;;;;;
嘉;0;7;0;;;;;;
嘗;0;10;0;;;;;;
嘘;0;10;0;;;;;;
嘩;0;10;0;;;;;;
嘱;0;8;0;ショク;;;;;
嘲;0;9;0;;;;;;
噂;0;10;0;;;;;;
噌;0;7;0;;;;;;
噛;0;10;0;;;;;;
噴;0;8;0;フン, ふく;;;;;
嚇;0;8;0;カク;;;;;
嚴;0;7;0;;;;;;
囚;0;8;0;シュウ;;;;;
因;3;5;0;イン;よ(る), ちな(む);cause, factor, depend on;;;
団;3;5;0;ダン, トン;;group, association;;;
囲;4;4;0;イ;かこ(む);"surround; enclosure; preserve; keep";;;
固;4;4;0;コ;かた(める);"harden; set; clot; curdle";;;
圃;0;7;0;;;;;;
圈;0;7;0;;;;;;
國;0;7;0;;;;;;
圏;0;8;0;ケン;;;;;
圓;0;7;0;;;;;;
團;0;7;0;;;;;;
圧;4;5;0;アツ;お(す);"pressure; push; overwhelm; oppress";;;
在;3;5;0;ザイ;あ(る);exist, outskirts;;;
圭;0;7;0;;;;;;
坂;4;3;0;ハン;さか;"slope; incline; hill";;;
均;4;5;0;キン;なら(す);"level; average";;;
坊;4;8;0;ボウ, ボッ;;boy, priest;;;
坐;0;7;0;;;;;;
坑;0;8;0;コウ;;;;;
坦;0;7;0;;;;;;
坪;0;8;0;-;つぼ;;;;
垂;0;6;0;スイ, たらす, たれる;;;;;
型;3;4;0;ケイ;かた;"type; model";;;
垢;0;10;0;;;;;;
垣;0;8;0;-;かき;;;;
埋;4;8;0;マイ;う(める);"bury; be filled up; embedded";;;
城;4;6;0;ジョウ, セイ;しろ;castle;;;
埜;0;7;0;;;;;;
域;4;6;0;イキ;;"range; region; limits; stage; level";;;
埴;0;10;0;;;;;;
執;0;8;0;シツ, シュウ, とる;;;;;
培;0;8;0;バイ, つちかう;;;;;
基;4;5;0;キ, もと, もとい;;;;;
埼;0;9;0;;;;;;
堀;0;8;0;-;ほり;;;;
堂;2;4;0;ドウ;;public chamber, hall;;;
堅;0;8;0;ケン, かたい;;;;;
堆;0;10;0;;;;;;
堕;0;8;0;ダ;;;;;
堤;0;8;0;テイ, つつみ;;;;;
堪;0;8;0;カン, たえる;;;;;
堯;0;7;0;;;;;;
堰;0;10;0;;;;;;
堵;0;10;0;;;;;;
堺;0;7;0;;;;;;
塀;0;8;0;ヘイ;;;;;
塁;0;8;0;ルイ;;;;;
塊;0;8;0;カイ, かたまり;;;;;
塑;0;8;0;ソ;;;;;
塔;4;8;0;トウ;;"pagoda; tower; steeple";;;
塗;4;8;0;ト;ぬ(る), ぬ(り);"paint; smear; coating";;;
塙;0;7;0;;;;;;
塚;0;8;0;-;つか;;;;
塞;0;10;0;;;;;;
塩;4;4;0;エン;しお;salt;;;
填;0;9;0;;;;;;
塾;0;8;0;ジュク;;;;;
境;4;5;0;キョウ;さかい;boundary, border, region;;;
墓;0;5;0;ボ, はか;;;;;
墜;0;8;0;ツイ;;;;;
墨;0;8;0;ボク, すみ;;;;;
墳;0;8;0;フン;;;;;
墾;0;8;0;コン;;;;;
壁;4;8;0;ヘキ, かべ;;;;;
壇;0;8;0;タン, ダン;;;;;
壊;0;8;0;カイ, こわす, こわれる;;;;;
壌;0;8;0;ジョウ;;;;;
壕;0;10;0;;;;;;
壘;0;7;0;;;;;;
壞;0;7;0;;;;;;
士;4;4;0;シ;;;;;
壬;0;7;0;;;;;;
壮;0;8;0;ソウ;;;;;
壯;0;7;0;;;;;;
声;2;2;0;セイ, ショウ;こえ;voice;;;
壱;0;8;0;イチ;;;;;
壷;0;10;0;;;;;;
壽;0;7;0;;;;;;
夢;4;5;0;ム;ゆめ;dream, vision;;;
央;3;3;0;オウ;;"center; middle";;;
夷;0;7;0;;;;;;
奄;0;7;0;;;;;;
奇;0;8;0;キ;;;;;
奈;0;10;0;;;;;;
奉;0;8;0;ブ, ホウ, たてまつる;;;;;
奎;0;7;0;;;;;;
奏;0;6;0;ソウ, かなでる;;;;;
契;0;8;0;ケイ, ちぎる;;;;;
奔;0;8;0;ホン;;;;;
套;0;7;0;;;;;;
奧;0;7;0;;;;;;
奨;0;8;0;ショウ;;;;;
奪;0;8;0;ダツ, うばう;;;;;
奬;0;7;0;;;;;;
奮;0;6;0;フン, ふるう;;;;;
奴;0;8;0;ド;;;;;
如;0;8;0;ジョ, ニョ;;;;;
妃;0;8;0;ヒ;;;;;
妄;0;8;0;ボウ, モウ;;;;;
妊;0;8;0;ニン;;;;;
妖;0;9;0;;;;;;
妙;0;8;0;ミョウ;;;;;
妥;0;8;0;ダ;;;;;
妨;0;8;0;ボウ, さまたげる;;;;;
妬;0;10;0;;;;;;
姑;0;10;0;;;;;;
姓;4;8;0;セイ, ショウ;;surname;;;
委;3;3;0;イ;ゆだ(ねる);committee, entrust to;;;
姥;0;10;0;;;;;;
姦;0;10;0;;;;;;
姪;0;7;0;;;;;;
姫;0;8;0;シン;ひめ;;;;
姻;0;8;0;イン;;;;;
姿;4;6;0;シ, すがた;;;;;
威;0;8;0;イ;;;;;
娃;0;7;0;;;;;;
娘;4;8;0;ジョウ;むすめ, こ;daughter, girl;;;
娠;0;8;0;シン;;;;;
娩;0;7;0;;;;;;
娯;0;8;0;ゴ;;;;;
娼;0;10;0;;;;;;
婆;0;8;0;バ;;;;;
婦;3;5;0;フ;よめ;lady, woman, wife;;;
婿;0;8;0;セイ, むこ;;;;;
媒;0;8;0;バイ;;;;;
媛;0;10;0;;;;;;
嫁;0;8;0;カ, とつぐ, よめ;;;;;
嫉;0;9;0;;;;;;
嫌;0;8;0;ケン, ゲン, いや, きらう;;;;;
嫡;0;8;0;チャク;;;;;
嬉;0;10;0;;;;;;
嬢;0;8;0;ジョウ;;;;;
孃;0;7;0;;;;;;
孔;0;8;0;コウ;;;;;
存;3;6;0;ソン, ゾン;;exist, be aware of;;;
孜;0;7;0;;;;;;
孝;0;6;0;コウ;;;;;
孟;0;7;0;;;;;;
季;3;4;0;キ;;seasons;;;
孤;0;8;0;コ;;;;;
孫;4;4;0;ソン;まご;"grandchild; descendants";;;
宇;4;6;0;ウ;;"eaves; roof; house; heaven";;;
守;3;3;0;シュ, ス;まも(る), もり;guard, protect, obey;;;
宋;0;7;0;;;;;;
宏;0;7;0;;;;;;
宕;0;7;0;;;;;;
宗;0;6;0;シュウ, ソウ;;;;;
官;3;4;0;カン;;bureaucrat, the government, organ;;;
宙;4;6;0;チュウ;;;;;
宛;0;10;0;;;;;;
宜;0;8;0;ギ;;;;;
宝;4;6;0;ホウ;たから;"treasure; wealth; valuables";;;
宣;0;6;0;セン;;;;;
宥;0;7;0;;;;;;
宮;4;3;0;キュウ, ク, グウ, みや;;;;;
宰;0;8;0;サイ;;;;;
害;3;4;0;ガイ;;harm, injury;;;
宴;0;8;0;エン;;;;;
宵;0;8;0;ショウ, よい;;;;;
容;3;5;0;ヨウ;;contain, form;;;
寂;0;8;0;ジャク, セキ, さび, さびしい, さびれる;;;;;
寄;3;5;0;キ;よ(る);draw near, gather;;;
寅;0;10;0;;;;;;
密;0;6;0;ミツ;;;;;
富;3;5;0;フ, フウ;と(む), とみ;wealth, enrich, abundant;;;
寓;0;10;0;;;;;;
寛;0;8;0;カン;;;;;
察;3;4;0;サツ;;guess, presume, judge;;;
寡;0;8;0;カ;;;;;
寢;0;7;0;;;;;;
實;0;7;0;;;;;;
寧;0;8;0;ネイ;;;;;
審;0;8;0;シン;;;;;
寮;0;8;0;リョウ;;;;;
寵;0;7;0;;;;;;
寸;0;6;0;スン;;;;;
寿;0;8;0;ジュ, ことぶき;;;;;
封;4;8;0;フウ, ホウ;;"seal; closing";;;
専;4;6;0;セン;もっぱ(ら);"specialty; exclusive; mainly; solely";;;
射;0;6;0;シャ, いる;;;;;
将;4;6;0;ショウ;まさ(に), はた;"leader; commander; general; admiral";;;
將;0;7;0;;;;;;
專;0;7;0;;;;;;
尉;0;8;0;イ;;;;;
尊;4;6;0;ソン;とうと(い);"revered; valuable; precious; noble";;;
尋;0;8;0;ジン, たずねる;;;;;
導;3;5;0;ドウ;みちび(く);"guidance; leading; conduct; usher";;;
尖;0;7;0;;;;;;
尚;0;8;0;ショウ;;;;;
尤;0;10;0;;;;;;
尭;0;7;0;;;;;;
就;0;6;0;シュウ, ジュ, つく, つける;;;;;
尺;0;6;0;シャク;;;;;
尻;0;10;0;;;;;;
尼;0;8;0;ニ, あま;;;;;
尽;0;8;0;ジン, つかす, つきる, つくす;;;;;
尾;0;8;0;ビ, お;;;;;
尿;0;8;0;ニョウ;;;;;
居;4;5;0;キョ, コ;い(る), お(る);reside, to be, exist;;;
屈;0;8;0;クツ;;;;;
届;4;6;0;カイ;とど(ける);"deliver; reach; arrive; report";;;
屑;0;7;0;;;;;;
展;3;6;0;テン;;;;;
属;0;5;0;ゾク;;;;;
層;4;6;0;ソウ;;"stratum; social class; layer; story; floor";;;
履;0;8;0;リ, はく;;;;;
屯;0;8;0;トン;;;;;
岐;0;8;0;キ;;;;;
岡;0;10;0;;;;;;
岬;0;8;0;-;みさき;;;;
岳;0;8;0;ガク, たけ;;;;;
岸;3;3;0;ガン;きし;beach;;;
峠;0;8;0;-;とうげ;;;;
峡;0;8;0;キョウ;;;;;
峨;0;7;0;;;;;;
峯;0;7;0;;;;;;
峰;0;8;0;ホウ, みね;;;;;
峻;0;7;0;;;;;;
峽;0;7;0;;;;;;
崇;0;8;0;スウ;;;;;
崎;0;8;0;-;さき;;;;
崖;0;10;0;;;;;;
崚;0;7;0;;;;;;
崩;0;8;0;ホウ, くずす, くずれる;;;;;
嵐;0;10;0;;;;;;
嵩;0;7;0;;;;;;
嵯;0;7;0;;;;;;
嶋;0;7;0;;;;;;
嶺;0;7;0;;;;;;
巌;0;7;0;;;;;;
巖;0;7;0;;;;;;
州;3;3;0;シュウ;す;"state; province";;;
巡;0;8;0;ジュン, めぐる;;;;;
巣;0;4;0;ソウ, す;;;;;
巧;0;8;0;コウ, たくみ;;;;;
巨;4;8;0;キョ;;"gigantic; big; large; great";;;
差;3;4;0;サ;さ(す);distinction, difference, variation;;;
己;0;6;0;キ, コ, おのれ;;;;;
已;0;7;0;;;;;;
巳;0;7;0;;;;;;
巴;0;10;0;;;;;;
巷;0;7;0;;;;;;
巻;4;6;0;カン;ま(く), まき;"scroll; volume; book; part; roll up; wind up; coil; counter for texts (or book scrolls)";;;
巽;0;10;0;;;;;;
巾;0;9;0;;;;;;
布;4;5;0;フ;ぬの, し(く);"linen; cloth; spread; distribute";;;
帆;0;8;0;ハン, ほ;;;;;
希;3;4;0;キ;まれ, こいねが(う);"hope; beg; request; pray";;;
帖;0;7;0;;;;;;
帝;0;8;0;テイ;;;;;
帥;0;8;0;スイ;;;;;
師;3;5;0;シ;;expert, teacher, master;;;
帯;3;4;0;タイ;お(びる);"sash; belt; obi; zone; region";;;
帳;0;3;0;チョウ;;;;;
帶;0;7;0;;;;;;
常;3;5;0;ジョウ;つね;usual, ordinary, normal;;;
帽;4;8;0;ボウ;;"cap; headgear";;;
幅;4;8;0;フク;はば;"hanging scroll; width";;;
幌;0;7;0;;;;;;
幕;0;6;0;バク, マク;;;;;
幡;0;7;0;;;;;;
幣;0;8;0;ヘイ;;;;;
干;4;6;0;カン;ほ(す), ひ(る);"dry; parch";;;
幸;3;3;0;コウ;さいわ(い), さち, しあわ(せ);happiness, blessing, fortune;;;
幹;4;5;0;カン, みき;;;;;
幻;0;8;0;ゲン, まぼろし;;;;;
幼;4;6;0;ヨウ;おさな(い);"infancy; childhood";;;
幽;0;8;0;ユウ;;;;;
幾;3;8;0;キ;いく(つ);how many, how much, some;;;
庁;4;6;0;チョウ;やくしょ;government office;;;
庄;0;7;0;;;;;;
庇;0;10;0;;;;;;
床;4;8;0;ショウ;とこ, ゆか;"bed; counter for beds; floor; padding; tatami";;;
序;0;5;0;ジョ;;;;;
底;4;4;0;テイ;そこ;"bottom; sole; depth; bottom price";;;
庚;0;7;0;;;;;;
庫;4;3;0;コ, ク;くら;"warehouse; storehouse";;;
庭;3;3;0;テイ;にわ;courtyard, garden, yard;;;
庵;0;10;0;;;;;;
庶;0;8;0;ショ;;;;;
康;3;4;0;コウ;;;;;
庸;0;8;0;ヨウ;;;;;
廃;0;8;0;ハイ, すたる, すたれる;;;;;
廉;0;8;0;レン;;;;;
廊;0;8;0;ロウ;;;;;
廟;0;7;0;;;;;;
廣;0;7;0;;;;;;
廳;0;7;0;;;;;;
延;4;6;0;エン;の(びる);"prolong; stretching";;;
廷;0;8;0;テイ;;;;;
廻;0;7;0;;;;;;
廿;0;7;0;;;;;;
弁;0;5;0;ベン;;;;;
弄;0;9;0;;;;;;
弊;0;8;0;ヘイ;;;;;
弐;0;8;0;ニ;;;;;
弓;0;2;0;キュウ, ゆみ;;;;;
弔;0;8;0;チョウ, とむらう;;;;;
弘;0;7;0;;;;;;
弛;0;7;0;;;;;;
弥;0;9;0;;;;;;
弦;0;8;0;ゲン, つる;;;;;
弧;0;8;0;コ;;;;;
張;4;5;0;チョウ, はる;;;;;
弾;0;8;0;ダン, たま, はずむ, ひく;;;;;
彈;0;7;0;;;;;;
彌;0;7;0;;;;;;
彗;0;7;0;;;;;;
彙;0;9;0;;;;;;
彦;0;7;0;;;;;;
彩;0;8;0;サイ, いろどる;;;;;
彪;0;7;0;;;;;;
彫;0;8;0;チョウ, ほる;;;;;
彬;0;7;0;;;;;;
彰;0;8;0;ショウ;;;;;
影;0;8;0;エイ, かげ;;;;;
役;3;3;0;ヤク, エキ;;duty, service, role;;;
往;0;5;0;オウ;;;;;
征;0;8;0;セイ;;;;;
径;0;4;0;ケイ;;;;;
律;4;6;0;リツ, リチ;;"rhythm; law; regulation; control";;;
徐;0;8;0;ジョ;;;;;
徒;4;4;0;ト;いたずら, あだ;on foot, junior, vanity, futility, uselessness;;;
従;0;6;0;ショウ, ジュ, ジュウ, したがう, したがえる;;;;;
從;0;7;0;;;;;;
徠;0;7;0;;;;;;
御;4;8;0;ギョ, ゴ;おん, お;honorable;;;
復;4;5;0;フク;また;restore, return to, revert;;;
循;0;8;0;ジュン;;;;;
微;0;8;0;ビ;;;;;
徳;0;5;0;トク;;;;;
徴;0;8;0;チョウ;;;;;
徹;0;8;0;テツ;;;;;
徽;0;7;0;;;;;;
忌;0;8;0;キ, いまわしい, いむ;;;;;
忍;0;8;0;ニン, しのばせる, しのぶ;;;;;
志;4;5;0;シ, こころざし, こころざす;;;;;
応;3;5;0;オウ;;;;;
忠;0;6;0;チュウ;;;;;
快;4;5;0;カイ;こころよ(い);"cheerful; pleasant; agreeable; comfortable";;;
忽;0;10;0;;;;;;
怒;4;8;0;ド;いか(る), おこ(る);angry, be offended;;;
怖;4;8;0;フ;こわ(い), お(じる);dreadful, fearful;;;
怜;0;7;0;;;;;;
怠;0;8;0;タイ, おこたる, なまける;;;;;
怨;0;10;0;;;;;;
怪;0;8;0;カイ, あやしい, あやしむ;;;;;
恆;0;7;0;;;;;;
恋;4;8;0;レン;こい(しい);"romance; in love; yearn for; miss";;;
恐;4;8;0;キョウ;おそ(れる), こわ(い);fear, dread;;;
恒;0;8;0;コウ;;;;;
恕;0;7;0;;;;;;
恢;0;7;0;;;;;;
恣;0;9;0;;;;;;
恥;4;8;0;チ;はじ, は(ずかしい);shame, dishonor;;;
恨;0;8;0;コン, うらむ, うらめしい;;;;;
恩;0;5;0;オン;;;;;
恭;0;8;0;キョウ, うやうやしい;;;;;
息;4;3;0;ムス, ソク;いき;breath, son, interest (on money);;;
恰;0;10;0;;;;;;
恵;4;8;0;エ, ケイ, めぐむ;;;;;
悉;0;10;0;;;;;;
悌;0;7;0;;;;;;
悔;0;8;0;カイ, くいる, くやしい, くやむ;;;;;
悟;0;8;0;ゴ, さとる;;;;;
悠;0;8;0;ユウ;;;;;
患;4;8;0;カン;わずら(う);"afflicted; disease; suffer from; be ill";;;
悦;0;8;0;エツ;;;;;
悩;4;8;0;ノウ;なや(む);"trouble; worry; in pain; distress; illness";;;
悼;0;8;0;トウ, いたむ;;;;;
惇;0;7;0;;;;;;
惑;0;8;0;ワク, まどう;;;;;
惚;0;10;0;;;;;;
惜;0;8;0;セキ, おしい, おしむ;;;;;
惟;0;7;0;;;;;;
惠;0;7;0;;;;;;
惡;0;7;0;;;;;;
惣;0;10;0;;;;;;
惧;0;9;0;;;;;;
惨;0;8;0;サン, ザン, みじめ;;;;;
惰;0;8;0;ダ;;;;;
想;3;3;0;ソウ, ソ;おも(う);concept, think, idea;;;
惹;0;10;0;;;;;;
惺;0;7;0;;;;;;
愁;0;8;0;シュウ, うれい, うれえる;;;;;
愉;0;8;0;ユ;;;;;
愚;0;8;0;グ, おろか;;;;;
愛;3;4;0;アイ;いと(しい), まな;love, affection;;;
愼;0;7;0;;;;;;
慄;0;9;0;;;;;;
慈;0;8;0;ジ, いつくしむ;;;;;
態;4;5;0;タイ;;;;;
慌;0;8;0;コウ, あわただしい, あわてる;;;;;
慎;0;8;0;シン, つつしむ;;;;;
慕;0;8;0;ボ, したう;;;;;
慢;0;8;0;マン;;;;;
慣;4;5;0;カン;な(れる);accustomed, get used to;;;
慧;0;7;0;;;;;;
慨;0;8;0;ガイ;;;;;
慮;0;8;0;リョ;;;;;
慰;0;8;0;イ, なぐさむ, なぐさめる;;;;;
慶;0;8;0;ケイ;;;;;
憂;0;8;0;ユウ, うい, うれい, うれえる;;;;;
憎;4;8;0;ゾウ;にく(む);"hate; detest";;;
憐;0;7;0;;;;;;
憚;0;9;0;;;;;;
憤;0;8;0;フン, いきどおる;;;;;
憧;0;10;0;;;;;;
憩;0;8;0;ケイ, いこい, いこう;;;;;
憬;0;9;0;;;;;;
憲;0;6;0;ケン;;;;;
憶;0;8;0;オク;;;;;
憾;0;8;0;カン;;;;;
懇;0;8;0;コン, ねんごろ;;;;;
應;0;7;0;;;;;;
懐;0;8;0;カイ, なつかしい, なつかしむ, なつく, なつける, ふところ;;;;;
懲;0;8;0;チョウ, こらしめる, こらす, こりる;;;;;
懷;0;7;0;;;;;;
懸;0;8;0;ケ, ケン, かかる, かける;;;;;
戊;0;7;0;;;;;;
我;0;6;0;ガ, わ, われ;;;;;
戒;0;8;0;カイ, いましめる;;;;;
或;0;10;0;;;;;;
戚;0;10;0;;;;;;
戟;0;7;0;;;;;;
戦;3;4;0;セン;いくさ, たたか(う);war, battle, match;;;
戯;0;8;0;ギ, たわむれる;;;;;
戰;0;7;0;;;;;;
戲;0;7;0;;;;;;
戴;0;10;0;;;;;;
戸;3;2;0;コ;と;"door; counter for houses";;;
戻;4;8;0;レイ;もど(る);re-, return, revert;;;
房;0;8;0;ボウ, ふさ;;;;;
扇;0;8;0;セン, おうぎ;;;;;
扉;4;8;0;ヒ, とびら;;;;;
才;3;2;0;サイ;;genius, years old;;;
托;0;7;0;;;;;;
扱;0;8;0;-;あつかう;;;;
扶;0;8;0;フ;;;;;
批;4;6;0;ヒ;;;;;
承;4;5;0;ショウ;うけたまわ(る);"hear; listen to; be informed; receive";;;
技;3;5;0;ギ;わざ;"skill; art; craft; ability; vocation; arts";;;
抄;0;8;0;ショウ;;;;;
把;0;8;0;ハ;;;;;
抑;0;8;0;ヨク, おさえる;;;;;
抗;0;8;0;コウ;;;;;
抜;4;8;0;バツ;ぬ(く);slip out, extract, pull out, remove;;;
択;0;8;0;タク;;;;;
披;0;8;0;ヒ;;;;;
抱;4;8;0;ホウ;だ(く), いだ(く), かか(える);embrace, hug;;;
抵;0;8;0;テイ;;;;;
抹;0;8;0;マツ;;;;;
抽;0;8;0;チュウ;;;;;
拂;0;7;0;;;;;;
担;4;6;0;タン;かつ(ぐ), にな(う);"shouldering; carry; raise; bear";;;
拉;0;9;0;;;;;;
拍;0;8;0;ハク, ヒョウ;;;;;
拐;0;8;0;カイ;;;;;
拒;0;8;0;キョ, こばむ, キョ, ゴ;;;;;
拓;0;8;0;タク;;;;;
拔;0;7;0;;;;;;
拘;0;8;0;コウ;;;;;
拙;0;8;0;セツ;;;;;
招;4;5;0;ショウ;まね(く);invite, summon, engage;;;
拜;0;7;0;;;;;;
拝;4;6;0;ハイ;おが(む);"worship; adore; pray to";;;
拠;0;8;0;キョ, コ;;;;;
拡;4;6;0;カク;;;;;
括;0;8;0;カツ;;;;;
拭;0;10;0;;;;;;
拳;4;10;0;;;;;;
拶;0;10;0;;;;;;
拷;0;8;0;ゴウ;;;;;
拾;4;3;0;シュウ;ひろ(う);"pick up; gather; find";;;
按;0;7;0;;;;;;
挑;0;8;0;チョウ, いどむ;;;;;
挙;0;4;0;キョ, あがる, あげる;;;;;
挟;4;8;0;キョウ;はさ(む);"pinch; between";;;
挨;0;10;0;;;;;;
挫;0;9;0;;;;;;
振;0;8;0;シン, ふる, ふるう;;;;;
挺;0;10;0;;;;;;
挽;0;7;0;;;;;;
挿;0;8;0;ソウ, さす;;;;;
捉;0;9;0;;;;;;
捕;4;8;0;ホ;と(らえる), つか(まえる);catch, capture;;;
捗;0;9;0;;;;;;
捜;4;8;0;ソウ;さが(す);"search; look for; locate";;;
捧;0;7;0;;;;;;
捨;4;6;0;シャ;す(てる);"discard; throw away; abandon";;;
据;0;8;0;すえる, すわる;;;;;
捲;0;10;0;;;;;;
捷;0;7;0;;;;;;
捺;0;10;0;;;;;;
捻;0;9;0;;;;;;
掃;4;8;0;ソウ;は(く);"sweep; brush";;;
授;3;5;0;ジュ, さずかる, さずける;;;;;
掌;0;8;0;ショウ;;;;;
排;0;8;0;ハイ;;;;;
掘;4;8;0;クツ;ほ(る);"dig; delve; excavate";;;
掛;3;8;0;ケイ;か(ける);hang, suspend;;;
掠;0;7;0;;;;;;
採;4;5;0;サイ;と(る);"pick; take; fetch; take up";;;
探;4;6;0;タン;さぐ(る), さが(す);search, look for;;;
控;0;8;0;コウ, ひかえる;;;;;
推;0;6;0;スイ, おす;;;;;
措;0;8;0;ソ;;;;;
掬;0;7;0;;;;;;
掲;0;8;0;ケイ, かかげる;;;;;
掴;0;10;0;;;;;;
掻;0;10;0;;;;;;
揃;0;10;0;;;;;;
描;0;8;0;ビョウ, えがく;;;;;
提;4;5;0;テイ, さげる;;;;;
揚;0;8;0;ヨウ, あがる, あげる;;;;;
換;4;8;0;カン;か(える);"interchange; period; change; convert; replace; renew";;;
握;0;8;0;アク, にぎる;;;;;
揮;0;6;0;キ;;;;;
援;0;8;0;エン;;;;;
揺;0;8;0;ヨウ, ゆさぶる, ゆすぶる, ゆする, ゆらぐ, ゆる, ゆるぐ, ゆれる;;;;;
損;4;5;0;ソン;そこ(なう);"damage; loss; disadvantage; hurt; injure";;;
搖;0;7;0;;;;;;
搜;0;7;0;;;;;;
搬;0;8;0;ハン;;;;;
搭;0;8;0;トウ;;;;;
携;4;8;0;ケイ, たずさえる, たずさわる;;;;;
搾;0;8;0;サク, しぼる;;;;;
摂;0;8;0;セツ;;;;;
摑;0;7;0;;;;;;
摘;0;8;0;テキ, つむ;;;;;
摩;0;8;0;マ;;;;;
摯;0;9;0;;;;;;
摺;0;10;0;;;;;;
撃;0;8;0;ゲキ, うつ;;;;;
撒;0;10;0;;;;;;
撚;0;10;0;;;;;;
撞;0;7;0;;;;;;
撤;0;8;0;テツ;;;;;
撫;0;10;0;;;;;;
播;0;7;0;;;;;;
撮;0;8;0;サツ, とる;;;;;
撰;0;7;0;;;;;;
撲;0;8;0;ボク;;;;;
擁;0;8;0;ヨウ;;;;;
擊;0;7;0;;;;;;
操;4;6;0;ソウ, あやつる, みさお;;;;;
擢;0;7;0;;;;;;
擦;0;8;0;サツ, する, すれる;;;;;
擬;0;8;0;ギ;;;;;
攝;0;7;0;;;;;;
支;3;5;0;シ;ささ(える);branch, support, sustain;;;
收;0;7;0;;;;;;
改;3;4;0;カイ;あらた(める);reformation, change, modify;;;
攻;0;8;0;コウ, せめる;;;;;
敍;0;7;0;;;;;;
敏;0;8;0;ビン;;;;;
救;4;4;0;キュウ, すくう;;;;;
敗;3;4;0;ハイ;やぶ(れる);failure, defeat;;;
敢;0;8;0;カン;;;;;
散;4;4;0;サン;ち(る), ばら(ける);scatter, disperse;;;
敦;0;7;0;;;;;;
敬;4;6;0;ケイ;うやま(う);"awe; respect; honor; revere";;;
整;3;3;0;セイ, ととのう, ととのえる;;;;;
敵;0;5;0;テキ, かたき;;;;;
敷;0;8;0;フ, しく;;;;;
斉;0;8;0;セイ;;;;;
斎;0;8;0;サイ;;;;;
斐;0;10;0;;;;;;
斑;0;10;0;;;;;;
斗;0;8;0;ト;;;;;
斜;0;8;0;シャ, ななめ;;;;;
斡;0;7;0;;;;;;
斤;0;8;0;キン;;;;;
斥;0;8;0;セキ;;;;;
斧;0;7;0;;;;;;
斬;0;10;0;;;;;;
断;3;5;0;ダン;た(つ), ことわ(る);severance, decline, refuse, apologize;;;
斯;0;7;0;;;;;;
於;0;10;0;;;;;;
施;0;8;0;シ, セ, ほどこす;;;;;
旋;0;8;0;セン;;;;;
旗;0;4;0;キ, はた;;;;;
既;0;8;0;キ, すでに;;;;;
旦;0;10;0;;;;;;
旧;3;5;0;キュウ;ふる(い), もと;"old times; old things; former; ex-";;;
旨;0;8;0;シ, むね;;;;;
旬;0;8;0;ジュン;;;;;
旭;0;10;0;;;;;;
旺;0;9;0;;;;;;
昂;0;7;0;;;;;;
昆;0;8;0;コン;;;;;
昇;4;8;0;ショウ;のぼ(る);rise up;;;
昊;0;7;0;;;;;;
昌;0;10;0;;;;;;
昏;0;7;0;;;;;;
易;3;5;0;エキ, イ;やさ(しい), やす(い);easy, ready to, simple;;;
昔;3;3;0;セキ, シャク;むかし;once upon a time, old times;;;
星;3;2;0;セイ;ほし;star;;;
昧;0;9;0;;;;;;
昨;3;4;0;サク;;yesterday, previous;;;
昭;4;3;0;ショウ;;;;;
是;0;8;0;ゼ;;;;;
昴;0;7;0;;;;;;
晃;0;7;0;;;;;;
晄;0;7;0;;;;;;
晋;0;7;0;;;;;;
晏;0;7;0;;;;;;
晒;0;7;0;;;;;;
晝;0;7;0;;;;;;
晟;0;7;0;;;;;;
晦;0;7;0;;;;;;
晨;0;7;0;;;;;;
普;4;8;0;フ;あまね(く);"universal; generally";;;
景;3;4;0;ケイ, ケ;;scenery, view;;;
晶;0;8;0;ショウ;;;;;
智;0;7;0;;;;;;
暁;0;8;0;ギョウ, あかつき;;;;;
暇;0;8;0;カ, ひま;;;;;
暉;0;7;0;;;;;;
暢;0;10;0;;;;;;
暦;0;8;0;レキ, こよみ;;;;;
暫;0;8;0;ザン;;;;;
暮;4;6;0;ボ;く(らす);evening, livelihood;;;
暴;4;5;0;ボウ, バク;あば(く);"outburst; force; violence";;;
曇;4;8;0;ドン;くも(る);cloudy weather;;;
曉;0;7;0;;;;;;
曖;0;9;0;;;;;;
曙;0;10;0;;;;;;
曝;0;10;0;;;;;;
曳;0;7;0;;;;;;
更;4;8;0;コウ;さら(に), ふ(ける);renew, renovate, again;;;
曹;0;8;0;ソウ;;;;;
曽;0;7;0;;;;;;
曾;0;9;0;;;;;;
替;4;8;0;タイ;か(わる);exchange, spare, substitute;;;
朋;0;7;0;;;;;;
朔;0;7;0;;;;;;
朕;0;8;0;チン;;;;;
朗;0;6;0;ロウ, ほがらか;;;;;
望;3;4;0;ボウ;のぞ(む), もち;ambition, full moon, hope, desire, aspire to, expect;;;
未;3;4;0;ミ, ビ;いま(だ), ま(だ);un-, not yet;;;
末;3;4;0;マツ;すえ;end, close, tip;;;
札;4;4;0;サツ;ふだ;"ticket; paper money; banknote; note";;;
朱;0;8;0;シュ;;;;;
朴;0;8;0;ボク;;;;;
机;4;6;0;キ;つくえ;"desk; table";;;
朽;0;8;0;キュウ, くちる;;;;;
杉;0;8;0;-;すぎ;;;;
李;0;7;0;;;;;;
杏;0;10;0;;;;;;
材;3;4;0;ザイ;;lumber, log, timber, wood;;;
杖;0;10;0;;;;;;
杜;0;7;0;;;;;;
束;3;4;0;ソク;たば, つか;bundle, manage;;;
条;4;5;0;ジョウ;;;;;
杭;0;10;0;;;;;;
杯;4;8;0;ハイ;さかずき;glass, cup;;;
杵;0;7;0;;;;;;
杷;0;7;0;;;;;;
松;4;4;0;ショウ, まつ;;;;;
板;4;3;0;ハン, バン;いた;"plank; board; plate; stage";;;
枇;0;7;0;;;;;;
析;0;8;0;セキ;;;;;
枕;0;10;0;;;;;;
枚;4;6;0;マイ, バイ;;"sheet of...; counter for flat thin objects";;;
枝;4;5;0;シ;えだ;"bough; branch; twig; limb; counter for branches";;;
枠;0;8;0;-;わく;;;;
枢;0;8;0;スウ;;;;;
枯;4;8;0;コ;か(れる);"wither; die; dry up; be seasoned";;;
架;0;8;0;カ, かかる, かける;;;;;
柄;0;8;0;ヘイ, え, がら;;;;;
柊;0;7;0;;;;;;
柏;0;10;0;;;;;;
某;0;8;0;ボウ;;;;;
柑;0;7;0;;;;;;
染;0;6;0;セン, しみ, しみる, そまる, そめる;;;;;
柔;4;8;0;ジュウ, ニュウ;やわ(らかい);"tender; weakness; gentleness; softness";;;
柘;0;7;0;;;;;;
柚;0;7;0;;;;;;
柱;4;3;0;チュウ;はしら;"pillar; post; cylinder; support";;;
柳;0;8;0;リュウ, やなぎ;;;;;
柴;0;10;0;;;;;;
柵;0;9;0;;;;;;
査;3;5;0;サ;;investigate;;;
柾;0;7;0;;;;;;
柿;0;10;0;;;;;;
栃;0;9;0;;;;;;
栄;4;4;0;エイ;さか(える);"flourish; prosperity; honor";;;
栓;0;8;0;セン;;;;;
栖;0;7;0;;;;;;
栗;0;10;0;;;;;;
栞;0;7;0;;;;;;
株;4;6;0;-;かぶ;;;;
核;0;8;0;カク;;;;;
根;3;3;0;コン;ね;"root; radical";;;
栽;0;8;0;サイ;;;;;
桁;0;9;0;;;;;;
桂;0;10;0;;;;;;
桃;0;8;0;トウ, もも;;;;;
桐;0;10;0;;;;;;
桑;0;8;0;ソウ, くわ;;;;;
桔;0;7;0;;;;;;
桜;0;5;0;オウ, さくら;;;;;
桟;0;8;0;サン;;;;;
桧;0;7;0;;;;;;
桶;0;7;0;;;;;;
梁;0;7;0;;;;;;
梅;0;4;0;バイ, うめ;;;;;
梓;0;10;0;;;;;;
梗;0;9;0;;;;;;
梛;0;7;0;;;;;;
條;0;7;0;;;;;;
梢;0;10;0;;;;;;
梧;0;7;0;;;;;;
梨;0;9;0;;;;;;
梯;0;7;0;;;;;;
械;4;4;0;カイ;;"contraption; machine; instrument";;;
梶;0;7;0;;;;;;
棄;0;8;0;キ;;;;;
棋;0;8;0;キ;;;;;
棒;4;6;0;ボウ;;"rod; stick; cane; pole";;;
棚;0;8;0;-;たな;;;;
棟;0;8;0;トウ, むな, むね;;;;;
棲;0;10;0;;;;;;
棺;0;8;0;カン;;;;;
椀;0;7;0;;;;;;
椅;0;10;0;;;;;;
椋;0;7;0;;;;;;
植;3;3;0;ショク;う(える);plant;;;
椎;0;7;0;;;;;;
椛;0;7;0;;;;;;
検;3;5;0;ケン;;;;;
椰;0;7;0;;;;;;
椿;0;10;0;;;;;;
楊;0;7;0;;;;;;
楓;0;7;0;;;;;;
楕;0;10;0;;;;;;
楚;0;7;0;;;;;;
楠;0;10;0;;;;;;
楢;0;7;0;;;;;;
楯;0;7;0;;;;;;
極;3;4;0;キョク, ゴク;きわ(める);"poles; settlement; conclusion; end";;;
楼;0;8;0;ロウ;;;;;
概;0;8;0;ガイ;;;;;
榊;0;10;0;;;;;;
榎;0;7;0;;;;;;
榛;0;7;0;;;;;;
榮;0;7;0;;;;;;
槇;0;7;0;;;;;;
構;3;5;0;コウ;かま(う);posture, build, pretend;;;
槌;0;7;0;;;;;;
槍;0;10;0;;;;;;
槙;0;7;0;;;;;;
槻;0;7;0;;;;;;
槽;0;8;0;ソウ;;;;;
樂;0;7;0;;;;;;
樋;0;7;0;;;;;;
標;4;4;0;ヒョウ;;;;;
樟;0;7;0;;;;;;
模;0;6;0;ボ, モ;;;;;
樣;0;7;0;;;;;;
権;3;6;0;ケン;;authority, power, rights;;;
樫;0;7;0;;;;;;
樹;0;6;0;ジュ;;;;;
樺;0;10;0;;;;;;
樽;0;10;0;;;;;;
橘;0;10;0;;;;;;
橙;0;7;0;;;;;;
檀;0;7;0;;;;;;
檎;0;7;0;;;;;;
檜;0;7;0;;;;;;
檢;0;7;0;;;;;;
櫂;0;7;0;;;;;;
櫓;0;7;0;;;;;;
櫛;0;10;0;;;;;;
櫻;0;7;0;;;;;;
欄;0;8;0;ラン;;;;;
欣;0;7;0;;;;;;
欧;4;8;0;オウ;;Europe;;;
欲;4;6;0;ヨク;ほ(しい);longing, greed, passion;;;
欺;0;8;0;ギ, あざむく;;;;;
欽;0;7;0;;;;;;
款;0;8;0;カン;;;;;
歎;0;7;0;;;;;;
歓;0;8;0;カン;;;;;
此;0;10;0;;;;;;
武;4;5;0;ブ, ム;たけ(し);"warrior; military; chivalry; arms";;;
歳;3;8;0;サイ, セイ;;age, year-end;;;
死;2;3;0;シ;し(ぬ);death, die;;;
殆;0;10;0;;;;;;
殉;0;8;0;ジュン;;;;;
殊;0;8;0;シュ, こと;;;;;
殖;0;8;0;ショク, ふえる, ふやす;;;;;
殴;0;8;0;オウ, なぐる;;;;;
段;3;6;0;ダン;;grade, steps, stairs;;;
殺;3;4;0;サツ, サイ;ころ(す);kill, murder;;;
殻;0;8;0;カク, から;;;;;
殿;4;8;0;デン;との, どの;"Mr.; hall; mansion; palace; temple; lord";;;
毅;0;10;0;;;;;;
毒;4;4;0;ドク;;"poison; germ; harm";;;
毘;0;7;0;;;;;;
毛;4;2;0;モウ;け;"fur; hair; feather";;;
毬;0;7;0;;;;;;
氏;0;4;0;シ, うじ;;;;;
氣;0;7;0;;;;;;
氷;4;3;0;ヒョウ;こおり, ひ;"ice; hail; freeze";;;
永;4;5;0;エイ;なが(い);"eternity; long; lengthy";;;
氾;0;9;0;;;;;;
汀;0;7;0;;;;;;
汁;0;8;0;ジュウ, しる;;;;;
汎;0;10;0;;;;;;
汐;0;7;0;;;;;;
汗;4;8;0;カン;あせ;"sweat; perspire";;;
汚;4;8;0;オ;よご(す), きたな(い), けが(す);"dirty; pollute; disgrace; defile";;;
汝;0;7;0;;;;;;
江;0;8;0;コウ, え;;;;;
池;2;2;0;チ;いけ;"pond; pool; reservoir";;;
汰;0;10;0;;;;;;
汲;0;7;0;;;;;;
汽;0;2;0;キ;;;;;
沃;0;9;0;;;;;;
沈;4;8;0;チン, ジン;しず(む);"sink; be submerged; subside; be depressed";;;
沌;0;10;0;;;;;;
沓;0;7;0;;;;;;
沖;0;8;0;チュウ, おき;;;;;
沙;0;10;0;;;;;;
没;0;8;0;ボツ;;;;;
沢;0;8;0;タク, さわ;;;;;
沫;0;7;0;;;;;;
河;4;5;0;カ;かわ;river;;;
沸;4;8;0;フツ;わ(く);"seethe; boil; ferment";;;
沼;0;8;0;ショウ, ぬま;;;;;
沿;0;6;0;エン, そう;;;;;
況;4;8;0;キョウ;まし(て);"condition; situation";;;
泉;4;6;0;セン;いずみ;"spring; fountain";;;
泌;0;8;0;ヒ, ヒツ;;;;;
泡;0;8;0;ホウ, あわ;;;;;
波;3;3;0;ハ;なみ;"waves; billows";;;
泥;4;8;0;デイ;どろ;"mud; adhere to; be attached to";;;
泰;0;8;0;タイ;;;;;
洛;0;7;0;;;;;;
洞;0;8;0;ドウ, ほら;;;;;
津;0;8;0;シン, つ;;;;;
洪;0;8;0;コウ;;;;;
洲;0;7;0;;;;;;
洵;0;7;0;;;;;;
洸;0;7;0;;;;;;
派;4;6;0;ハ;;faction, group, party;;;
浄;0;8;0;ジョウ;;;;;
浅;4;4;0;セン;あさ(い);"shallow; superficial; frivolous";;;
浜;0;8;0;ヒン, はま;;;;;
浦;0;8;0;ホ, うら;;;;;
浩;0;7;0;;;;;;
浪;0;8;0;ロウ;;;;;
浬;0;7;0;;;;;;
浮;4;8;0;フ;う(かぶ);float, rise to surface;;;
浴;4;4;0;ヨク;あ(びる);"bathe; be favored with; bask in";;;
浸;0;8;0;シン, ひたす, ひたる;;;;;
涙;3;8;0;ルイ;なみだ;"tears; sympathy";;;
涯;0;8;0;ガイ;;;;;
液;4;5;0;エキ;;"fluid; liquid; juice; sap; secretion";;;
淀;0;7;0;;;;;;
淋;0;7;0;;;;;;
淑;0;8;0;シュク;;;;;
淡;0;8;0;タン, あわい;;;;;
淨;0;7;0;;;;;;
淫;0;9;0;;;;;;
淳;0;7;0;;;;;;
淵;0;10;0;;;;;;
混;3;5;0;コン;ま(じる);"mix; blend; confuse";;;
添;0;8;0;テン, そう, そえる;;;;;
清;3;4;0;セイ;きよ(い);"pure; purify; cleanse";;;
渇;0;8;0;カツ, かわく;;;;;
渉;0;8;0;ショウ;;;;;
渋;0;8;0;ジュウ, しぶ, しぶい, しぶる;;;;;
渓;0;8;0;ケイ;;;;;
渚;0;10;0;;;;;;
渥;0;7;0;;;;;;
渦;0;8;0;カ, うず;;;;;
測;4;5;0;ソク;はか(る);"fathom; plan; scheme; measure";;;
湊;0;7;0;;;;;;
湖;4;3;0;コ;みずうみ;lake;;;
湘;0;7;0;;;;;;
湛;0;7;0;;;;;;
湧;0;10;0;;;;;;
湯;3;3;0;トウ;ゆ;"hot water; bath; hot spring";;;
湾;4;8;0;ワン;いりえ;"gulf; bay; inlet";;;
湿;4;8;0;シツ;しめ(る);"damp; wet; moist";;;
満;3;4;0;マン;み(ちる);full, fullness, enough, satisfy;;;
源;0;6;0;ゲン, みなもと;;;;;
溜;0;10;0;;;;;;
溝;0;8;0;コウ, みぞ;;;;;
溢;0;7;0;;;;;;
溶;4;8;0;ヨウ;と(ける);"melt; dissolve; thaw";;;
溺;0;9;0;;;;;;
滅;0;8;0;メツ, ほろびる, ほろぼす;;;;;
滉;0;7;0;;;;;;
滋;0;8;0;ジ;;;;;
滑;0;8;0;カツ, すべる, なめらか;;;;;
滝;0;8;0;-;たき;;;;
滞;0;8;0;タイ, とどこおる;;;;;
滯;0;7;0;;;;;;
滴;4;8;0;テキ;しずく, したた(る);"drip; drop";;;
漁;4;4;0;ギョ, リョウ;あさ(る);"fishing; fishery";;;
漂;0;8;0;ヒョウ, ただよう;;;;;
漆;0;8;0;シツ, うるし;;;;;
漏;0;8;0;ロウ, もらす, もる, もれる;;;;;
演;3;5;0;エン;;performance, act, play, render, stage;;;
漕;0;7;0;;;;;;
漠;0;8;0;バク;;;;;
漢;2;3;0;カン;;China;;;
漣;0;7;0;;;;;;
漫;0;8;0;マン;;;;;
漬;0;8;0;つかる, つける;;;;;
漱;0;7;0;;;;;;
漸;0;8;0;ゼン;;;;;
潔;0;5;0;ケツ, いさぎよい;;;;;
潜;0;8;0;セン, ひそむ, もぐる;;;;;
潟;0;8;0;-;かた;;;;
潤;0;8;0;ジュン, うるおう, うるおす, うるむ;;;;;
潮;0;6;0;チョウ, しお;;;;;
潰;0;10;0;;;;;;
澁;0;7;0;;;;;;
澄;0;8;0;チョウ, すます, すむ;;;;;
澪;0;7;0;;;;;;
澱;0;10;0;;;;;;
激;0;6;0;ゲキ, はげしい;;;;;
濁;0;8;0;ダク, にごす, にごる;;;;;
濃;4;8;0;ノウ;こ(い);"concentrated; thick; dark; undiluted";;;
濕;0;7;0;;;;;;
濠;0;10;0;;;;;;
濡;0;10;0;;;;;;
濫;0;8;0;ラン;;;;;
濯;4;8;0;タク;すす(ぐ);"laundry; wash; rinse";;;
瀕;0;7;0;;;;;;
瀧;0;7;0;;;;;;
瀬;0;8;0;-;せ;;;;
灘;0;10;0;;;;;;
灯;4;4;0;トウ;ひ, とも(す);"lamp; a light; counter for lights";;;
灰;4;6;0;カイ;はい;"ashes; cremate";;;
灸;0;7;0;;;;;;
灼;0;7;0;;;;;;
災;0;5;0;サイ, わざわい;;;;;
炉;0;8;0;ロ;;;;;
炊;0;8;0;スイ, たく;;;;;
炎;0;8;0;エン, ほのお;;;;;
炒;0;10;0;;;;;;
炭;4;3;0;タン;すみ;"charcoal; coal";;;
為;0;8;0;イ;;;;;
烈;0;8;0;レツ;;;;;
烏;0;10;0;;;;;;
焚;0;7;0;;;;;;
焦;0;8;0;ショウ, あせる, こがす, こがれる, こげる;;;;;
焰;0;7;0;;;;;;
然;3;4;0;ゼン, ネン;しか, さ;sort of thing, if so;;;
煉;0;7;0;;;;;;
煌;0;7;0;;;;;;
煎;0;9;0;;;;;;
煙;4;8;0;エン;けむ(る), けむり;smoke;;;
煤;0;7;0;;;;;;
照;4;4;0;ショウ;て(る);"illuminate; shine; compare";;;
煩;0;8;0;ハン, ボン, わずらう, わずらわす;;;;;
煮;0;8;0;シャ, にえる, にやす, にる;;;;;
熊;0;10;0;;;;;;
熙;0;7;0;;;;;;
熟;0;6;0;ジュク, うれる;;;;;
燃;4;5;0;ネン;も(える);"burn; blaze; glow";;;
燈;0;7;0;;;;;;
燎;0;7;0;;;;;;
燒;0;7;0;;;;;;
燕;0;10;0;;;;;;
燥;4;8;0;ソウ;はしゃ(ぐ);"parch; dry up";;;
燦;0;7;0;;;;;;
燭;0;7;0;;;;;;
燿;0;7;0;;;;;;
爆;4;8;0;バク;は(ぜる);"bomb; burst open";;;
爪;0;10;0;;;;;;
爭;0;7;0;;;;;;
爲;0;7;0;;;;;;
爵;0;8;0;シャク;;;;;
爽;0;10;0;;;;;;
爾;0;7;0;;;;;;
片;4;6;0;ヘン;かた;"one-sided; piece";;;
版;4;5;0;ハン;;"printing block; edition; impression; label";;;
牌;0;10;0;;;;;;
牒;0;7;0;;;;;;
牙;0;10;0;;;;;;
牟;0;7;0;;;;;;
牡;0;7;0;;;;;;
牧;0;4;0;ボク, まき;;;;;
牲;0;8;0;セイ;;;;;
牽;0;7;0;;;;;;
犀;0;7;0;;;;;;
犠;0;8;0;ギ;;;;;
犬;2;1;4;ケン;いぬ;dog;;;
犯;3;5;0;ハン;おか(す);crime, sin, offense;;;
状;3;5;0;ジョウ;;conditions, form, appearance;;;
狂;0;8;0;キョウ, くるう, くるおしい;;;;;
狐;0;10;0;;;;;;
狗;0;10;0;;;;;;
狙;0;10;0;;;;;;
狩;0;8;0;シュ, かり, かる;;;;;
独;3;5;0;ドク, ひとり;;;;;
狹;0;7;0;;;;;;
狼;0;7;0;;;;;;
猛;0;8;0;モウ;;;;;
猟;0;8;0;リョウ, リョウ, レフ;;;;;
猪;0;10;0;;;;;;
猫;4;8;0;ビョウ;ねこ;cat;;;
献;0;8;0;ケン, コン;;;;;
猶;0;8;0;ユウ;;;;;
猿;0;8;0;エン, さる;;;;;
獄;0;8;0;ゴク;;;;;
獅;0;10;0;;;;;;
獣;0;8;0;ジュウ, けもの;;;;;
獲;0;8;0;カク, える;;;;;
獸;0;7;0;;;;;;
玄;0;8;0;ゲン;;;;;
率;4;5;0;ソツ, リツ, ひきいる;;;;;
玉;4;1;5;ギョク;たま;"jewel; ball";;;
王;3;1;4;オウ;-;king, rule;;;
玖;0;7;0;;;;;;
玩;0;10;0;;;;;;
玲;0;7;0;;;;;;
珀;0;7;0;;;;;;
珂;0;7;0;;;;;;
珈;0;7;0;;;;;;
珊;0;7;0;;;;;;
珍;4;8;0;チン;めずら(しい);"rare; curious; strange";;;
珠;0;8;0;シュ;;;;;
班;0;6;0;ハン;;;;;
球;3;3;0;キュウ;たま;ball, sphere;;;
琉;0;7;0;;;;;;
琢;0;7;0;;;;;;
琥;0;7;0;;;;;;
琳;0;7;0;;;;;;
琴;0;8;0;キン, こと;;;;;
琵;0;7;0;;;;;;
琶;0;7;0;;;;;;
瑚;0;7;0;;;;;;
瑛;0;7;0;;;;;;
瑞;0;10;0;;;;;;
瑠;0;9;0;;;;;;
瑳;0;7;0;;;;;;
瑶;0;7;0;;;;;;
璃;0;9;0;;;;;;
璧;0;9;0;;;;;;
環;4;8;0;カン;;;;;
璽;0;8;0;ジ;;;;;
瓜;0;10;0;;;;;;
瓢;0;7;0;;;;;;
瓦;0;10;0;;;;;;
瓶;4;8;0;ビン;かめ, へい;"bottle; jar; jug; urn";;;
甘;4;8;0;カン;あま(い);"sweet; coax; pamper; sugary";;;
甚;0;8;0;ジン, はなはだ, はなはだしい;;;;;
甥;0;7;0;;;;;;
甫;0;7;0;;;;;;
甲;3;8;0;カン, コウ;;;;;
申;3;3;0;シン;もう(す), さる;have the honor to;;;
界;2;3;0;カイ;;world, boundary;;;
畏;0;9;0;;;;;;
畔;0;8;0;ハン;;;;;
畜;4;8;0;チク;;"livestock; domestic fowl and animals";;;
畝;0;8;0;うね, せ;;;;;
畠;0;7;0;;;;;;
畢;0;7;0;;;;;;
略;4;5;0;リャク;ほぼ;"abbreviation; omission; outline; shorten";;;
異;4;6;0;イ, こと;;;;;
畳;4;8;0;ジョウ, チョウ;たたみ;"tatami mat; fold";;;
畿;0;10;0;;;;;;
疊;0;7;0;;;;;;
疋;0;7;0;;;;;;
疎;0;8;0;ソ, うとい, うとむ;;;;;
疏;0;7;0;;;;;;
疑;4;6;0;ギ;うたが(う);doubt, distrust;;;
疫;0;8;0;エキ, ヤク;;;;;
疾;0;8;0;シツ;;;;;
症;0;8;0;ショウ;;;;;
痕;0;10;0;;;;;;
痘;0;8;0;トウ;;;;;
痢;0;8;0;リ;;;;;
痩;0;9;0;;;;;;
痴;0;8;0;チ;;;;;
瘍;0;9;0;;;;;;
瘦;0;7;0;;;;;;
療;4;8;0;リョウ;;"heal; cure";;;
癌;0;10;0;;;;;;
癒;0;8;0;ユ;;;;;
癖;0;8;0;ヘキ, くせ;;;;;
登;3;3;0;トウ, ト;のぼ(る), あ(がる);ascend, climb up;;;
皆;4;8;0;カイ;みな, みんな;all, everyone, everybody;;;
皇;0;6;0;オウ, コウ;;;;;
皐;0;7;0;;;;;;
皓;0;7;0;;;;;;
皮;4;3;0;ヒ;かわ;"skin; hide; leather";;;
皿;4;3;0;ベイ;さら, ざら;"dish; a helping; plate";;;
盃;0;7;0;;;;;;
盆;0;8;0;ボン;;;;;
益;0;5;0;エキ, ヤク;;;;;
盗;4;8;0;トウ;ぬす(む);steal, rob;;;
盛;0;6;0;ジョウ, セイ, さかる, さかん, もる;;;;;
盜;0;7;0;;;;;;
盟;0;6;0;メイ;;;;;
盡;0;7;0;;;;;;
監;0;8;0;カン;;;;;
盤;0;8;0;バン;;;;;
盲;0;8;0;モウ;;;;;
盾;0;8;0;ジュン, たて;;;;;
省;3;4;0;セイ, ショウ;かえり(みる), はぶ(く);"focus; government ministry; conserve";;;
眉;0;10;0;;;;;;
看;4;6;0;カン;;;;;
眞;0;7;0;;;;;;
眸;0;7;0;;;;;;
眺;0;8;0;チョウ, ながめる;;;;;
眼;0;5;0;ガン, ゲン, まなこ;;;;;
睡;0;8;0;スイ;;;;;
督;0;8;0;トク;;;;;
睦;0;7;0;;;;;;
睨;0;10;0;;;;;;
瞥;0;7;0;;;;;;
瞬;0;8;0;シュン, またたく;;;;;
瞭;0;9;0;;;;;;
瞳;0;10;0;;;;;;
矛;0;8;0;ム, ほこ;;;;;
矢;0;2;0;シ, や;;;;;
矩;0;7;0;;;;;;
矯;0;8;0;キョウ, ためる;;;;;
砂;4;6;0;サ, シャ;すな;sand;;;
砕;0;8;0;サイ, くだく, くだける;;;;;
砥;0;7;0;;;;;;
砦;0;10;0;;;;;;
砧;0;7;0;;;;;;
砲;0;8;0;ホウ;;;;;
破;4;5;0;ハ;やぶ(る);rip, tear, break;;;
硝;0;8;0;ショウ;;;;;
硫;0;8;0;リュウ;;;;;
硬;4;8;0;コウ;かた(い);"stiff; hard";;;
硯;0;7;0;;;;;;
碁;0;8;0;ゴ;;;;;
碎;0;7;0;;;;;;
碑;0;8;0;ヒ;;;;;
碓;0;7;0;;;;;;
碗;0;10;0;;;;;;
碧;0;7;0;;;;;;
碩;0;7;0;;;;;;
確;3;5;0;カク;たし(か);assurance, firm, confirm;;;
磁;0;6;0;ジ;;;;;
磐;0;7;0;;;;;;
磨;4;8;0;マ;みが(く);"grind; polish; improve; brush (teeth)";;;
磯;0;10;0;;;;;;
礁;0;8;0;ショウ;;;;;
礎;0;8;0;ソ, いしずえ;;;;;
示;3;5;0;ジ, シ;しめ(す);show, indicate, display;;;
祁;0;7;0;;;;;;
祇;0;10;0;;;;;;
祈;4;8;0;キ;いの(る);"pray; wish";;;
祉;0;8;0;シ;;;;;
祐;0;7;0;;;;;;
祕;0;7;0;;;;;;
祖;4;5;0;ソ;;ancestor, pioneer, founder;;;
祝;4;4;0;シュク;いわ(う);"celebrate; congratulate";;;
神;3;3;0;シン, ジン;かみ;gods, mind, soul;;;
祢;0;7;0;;;;;;
祥;0;8;0;ショウ;;;;;
票;0;4;0;ヒョウ;;;;;
祭;4;3;0;サイ;まつり;"ritual; offer prayers; celebrate";;;
祿;0;7;0;;;;;;
禁;3;5;0;キン;;"prohibition; ban; forbid";;;
禄;0;7;0;;;;;;
禅;0;8;0;ゼン;;;;;
禍;0;8;0;カ;;;;;
禎;0;7;0;;;;;;
福;3;3;0;フク;;blessing, fortune, luck, wealth;;;
禪;0;7;0;;;;;;
禮;0;7;0;;;;;;
禰;0;7;0;;;;;;
禱;0;7;0;;;;;;
禽;0;7;0;;;;;;
禾;0;7;0;;;;;;
秀;0;8;0;シュウ, ひいでる;;;;;
秒;4;3;0;ビョウ;;second;;;
秘;0;6;0;ヒ, ひめる;;;;;
租;0;8;0;ソ;;;;;
秤;0;7;0;;;;;;
秦;0;7;0;;;;;;
秩;0;8;0;チツ;;;;;
称;0;8;0;ショウ;;;;;
稀;0;10;0;;;;;;
程;3;5;0;テイ;ほど;extent, degree;;;
税;3;5;0;ゼイ;;"tax; duty";;;
稔;0;7;0;;;;;;
稚;0;8;0;チ;;;;;
稜;0;7;0;;;;;;
稟;0;7;0;;;;;;
種;3;4;0;シュ;たね, -ぐさ;species, kind, class, seed;;;
稲;0;8;0;トウ, いな, いね;;;;;
稻;0;7;0;;;;;;
稼;0;8;0;カ, かせぐ;;;;;
稽;0;10;0;;;;;;
稿;0;8;0;コウ;;;;;
穀;0;6;0;コク;;;;;
穂;0;8;0;スイ, ほ;;;;;
積;3;4;0;セキ;つ(む);volume, contents, pile up, stack;;;
穏;0;8;0;オン, おだやか;;;;;
穗;0;7;0;;;;;;
穣;0;7;0;;;;;;
穫;0;8;0;カク;;;;;
穰;0;7;0;;;;;;
穴;0;6;0;ケツ, あな;;;;;
穿;0;7;0;;;;;;
突;4;8;0;トツ, カ;つ(く);stab, protruding, thrust;;;
窃;0;8;0;セツ;;;;;
窄;0;7;0;;;;;;
窒;0;8;0;チツ;;;;;
窟;0;9;0;;;;;;
窪;0;10;0;;;;;;
窮;0;8;0;キュウ, きわまる, きわめる;;;;;
窯;0;8;0;ヨウ, かま;;;;;
窺;0;10;0;;;;;;
竜;0;8;0;リュウ, たつ;;;;;
章;4;3;0;ショウ;;"badge; chapter; composition; poem";;;
竣;0;10;0;;;;;;
童;4;3;0;ドウ;わらべ;"juvenile; child";;;
竪;0;7;0;;;;;;
端;0;8;0;タン, は, はし, はた;;;;;
競;3;4;0;キョウ, ケイ;きそ(う), せ(る);"compete with; bid; contest; race";;;
竺;0;7;0;;;;;;
竿;0;10;0;;;;;;
笈;0;7;0;;;;;;
笙;0;7;0;;;;;;
笛;0;3;0;テキ, ふえ;;;;;
笠;0;10;0;;;;;;
符;4;8;0;フ;;"token; sign; mark";;;
笹;0;10;0;;;;;;
筆;4;3;0;ヒツ;ふで;"writing brush; writing; painting brush; handwriting";;;
筈;0;10;0;;;;;;
等;3;3;0;トウ;ひと(しい), など;etc., and so forth;;;
筋;4;6;0;キン, すじ;;;;;
筑;0;7;0;;;;;;
筒;4;8;0;トウ;つつ;"cylinder; pipe; tube";;;
策;4;6;0;サク;;scheme, plan, policy;;;
箇;0;8;0;カ;;;;;
箋;0;9;0;;;;;;
箔;0;7;0;;;;;;
箕;0;7;0;;;;;;
算;3;2;0;サン;そろ;"calculate; divining; number; probability";;;
管;3;4;0;カン;くだ;"pipe; tube; wind instrument; control; jurisdiction";;;
箱;4;3;0;ソウ;はこ;box, chest;;;
箸;0;10;0;;;;;;
節;3;4;0;セチ, セツ, ふし;;;;;
範;0;8;0;ハン;;;;;
篇;0;7;0;;;;;;
築;4;5;0;チク;きず(く);"fabricate; build; construct";;;
篠;0;7;0;;;;;;
篤;0;8;0;トク;;;;;
簾;0;7;0;;;;;;
簿;0;8;0;ボ;;;;;
籍;4;8;0;セキ;;"enroll; register; membership";;;
籠;0;10;0;;;;;;
籾;0;7;0;;;;;;
粉;4;4;0;フン;こな;"flour; powder; dust";;;
粋;0;8;0;スイ;;;;;
粒;4;8;0;リュウ;つぶ;"grains; drop; counter for tiny particles";;;
粗;0;8;0;ソ, あらい;;;;;
粘;0;8;0;ネン, ねばる;;;;;
粛;0;8;0;シュク;;;;;
粟;0;10;0;;;;;;
粥;0;10;0;;;;;;
粧;0;8;0;ショウ;;;;;
粹;0;7;0;;;;;;
精;4;5;0;セイ, ショウ;しら(げる);refined, ghost, fairy, energy;;;
糊;0;7;0;;;;;;
糖;0;6;0;トウ;;;;;
糧;0;8;0;リョウ, ロウ, かて;;;;;
系;0;6;0;ケイ;;;;;
糾;0;8;0;キュウ;;;;;
紀;4;4;0;キ;;;;;
紅;4;6;0;コウ, ク;べに, くれない;"crimson; deep red";;;
紋;0;8;0;モン;;;;;
納;0;6;0;トウ, ナ, ナッ, ナン, ノウ, おさまる, おさめる;;;;;
紐;0;10;0;;;;;;
純;4;6;0;ジュン;;"genuine; purity; innocence";;;
紗;0;7;0;;;;;;
紘;0;10;0;;;;;;
級;3;3;0;キュウ;;;;;
紛;0;8;0;フン, まぎらす, まぎらわしい, まぎらわす, まぎれる;;;;;
素;0;5;0;ス, ソ;;;;;
紡;0;8;0;ボウ, つむぐ;;;;;
索;0;8;0;サク;;;;;
紫;0;8;0;シ, むらさき;;;;;
紬;0;7;0;;;;;;
累;0;8;0;ルイ;;;;;
紳;0;8;0;シン;;;;;
紹;4;8;0;ショウ;;"introduce; inherit; help";;;
紺;0;8;0;コン;;;;;
絃;0;7;0;;;;;;
絆;0;7;0;;;;;;
絞;0;8;0;コウ, しぼる, しまる, しめる;;;;;
絢;0;7;0;;;;;;
給;3;4;0;キュウ;たま(う), たも(う);salary, wage, gift;;;
統;4;5;0;トウ, すべる;;;;;
絵;3;2;0;カイ, エ;;picture, drawing;;;
絶;4;5;0;ゼツ;た(える);discontinue, unparalleled;;;
絹;0;6;0;ケン, きぬ;;;;;
継;0;8;0;ケイ, つぐ;;;;;
綜;0;10;0;;;;;;
維;0;8;0;イ;;;;;
綱;0;8;0;コウ, つな;;;;;
網;0;8;0;モウ, あみ;;;;;
綴;0;10;0;;;;;;
綸;0;7;0;;;;;;
綺;0;7;0;;;;;;
綻;0;10;0;;;;;;
綾;0;7;0;;;;;;
綿;4;5;0;メン;わた;cotton;;;
緊;0;8;0;キン;;;;;
緋;0;7;0;;;;;;
総;3;5;0;ソウ;;general, whole, all;;;
緑;4;3;0;リョク, ロク;みどり;green;;;
緒;4;8;0;ショ;お;beginning, end, cord, strap;;;
締;0;8;0;テイ, しまる, しめる;;;;;
編;4;5;0;ヘン;あ(む);"compilation; knit; braid; twist; editing";;;
緩;0;8;0;カン, ゆるい, ゆるむ, ゆるめる, ゆるやか;;;;;
緯;0;8;0;イ;;;;;
緻;0;9;0;;;;;;
縁;0;8;0;エン, ふち;;;;;
縄;0;8;0;ジョウ, なわ;;;;;
縛;0;8;0;バク, しばる;;;;;
縞;0;7;0;;;;;;
縣;0;7;0;;;;;;
縦;0;6;0;ジュウ, たて;;;;;
縫;0;8;0;ホウ, ぬう;;;;;
縮;0;6;0;シュク, ちぢまる, ちぢむ, ちぢめる, ちぢらす, ちぢれる;;;;;
縱;0;7;0;;;;;;
績;4;5;0;セキ;;"exploits; achievements";;;
繁;0;8;0;ハン;;;;;
繊;0;8;0;セン;;;;;
繍;0;10;0;;;;;;
織;0;5;0;シキ, ショク, おる;;;;;
繕;0;8;0;ゼン, つくろう;;;;;
繡;0;7;0;;;;;;
繫;0;7;0;;;;;;
繭;0;8;0;ケン, まゆ;;;;;
繰;0;8;0;-;くる;;;;
纂;0;10;0;;;;;;
纏;0;10;0;;;;;;
纖;0;7;0;;;;;;
缶;4;8;0;カン;かま;"tin can; container";;;
罪;3;5;0;ザイ;つみ;guilt, sin, crime;;;
罰;0;8;0;バチ, バツ;;;;;
署;4;6;0;ショ;;"signature; govt office; police station";;;
罵;0;10;0;;;;;;
罷;0;8;0;ヒ;;;;;
羅;0;8;0;ラ;;;;;
羊;0;3;0;ヨウ, ひつじ;;;;;
羚;0;7;0;;;;;;
羞;0;9;0;;;;;;
群;4;5;0;グン;む(れる), むら(がる);"flock; group; crowd; herd";;;
羨;0;10;0;;;;;;
義;0;5;0;ギ;;;;;
羽;4;2;0;ウ;は, わ, はね;"feathers; counter for birds, rabbits";;;
翁;0;8;0;オウ;;;;;
翌;4;6;0;ヨク;;"the following; next";;;
翔;0;7;0;;;;;;
翠;0;7;0;;;;;;
翻;0;8;0;ホン, ひるがえす, ひるがえる;;;;;
翼;0;8;0;ヨク, つばさ;;;;;
耀;0;7;0;;;;;;
而;0;7;0;;;;;;
耐;0;8;0;タイ, たえる;;;;;
耕;4;5;0;コウ;たがや(す);"till; plow; cultivate";;;
耗;0;8;0;コウ, モウ, モウ, コウ, カウ;;;;;
耶;0;7;0;;;;;;
耽;0;7;0;;;;;;
聖;0;6;0;セイ;;;;;
聘;0;9;0;;;;;;
聡;0;7;0;;;;;;
聴;0;8;0;チョウ, きく;;;;;
職;3;5;0;ショク;;post, employment, work;;;
聽;0;7;0;;;;;;
肇;0;7;0;;;;;;
肋;0;7;0;;;;;;
肌;4;8;0;キ;はだ;"texture; skin; body; grain";;;
肖;0;8;0;ショウ;;;;;
肘;0;10;0;;;;;;
肝;0;8;0;カン, きも;;;;;
股;0;10;0;;;;;;
肢;0;8;0;シ;;;;;
肥;0;5;0;ヒ, こえ, こえる, こやし, こやす;;;;;
肩;4;8;0;ケン;かた;shoulder;;;
肪;0;8;0;ボウ;;;;;
肯;4;8;0;コウ;がえんじ(る);"agreement; consent; comply with";;;
肴;0;7;0;;;;;;
肺;0;6;0;ハイ;;;;;
胃;4;4;0;イ;;"stomach; crop";;;
胆;0;8;0;タン;;;;;
背;4;6;0;ハイ;せ, せい;stature, height, back;;;
胎;0;8;0;タイ;;;;;
胞;0;8;0;ホウ;;;;;
胡;0;7;0;;;;;;
胤;0;7;0;;;;;;
胴;0;8;0;ドウ;;;;;
胸;4;6;0;キョウ;むね;"bosom; breast; chest; heart; feelings";;;
能;3;5;0;ノウ;あた(う);ability, talent, skill, capacity;;;
脂;4;8;0;シ;あぶら;"fat; grease; lard";;;
脅;0;8;0;キョウ, おどかす, おどす, おびやかす;;;;;
脇;0;10;0;;;;;;
脈;0;4;0;ミャク;;;;;
脊;0;9;0;;;;;;
脚;0;8;0;キャ, キャク, あし;;;;;
脩;0;7;0;;;;;;
脳;4;6;0;ノウ;;"brain; memory";;;
脹;0;8;0;チョウ;;;;;
腎;0;10;0;;;;;;
腐;0;8;0;フ, くさらす, くさる, くされる;;;;;
腔;0;10;0;;;;;;
腕;4;8;0;ワン;うで;"arm; ability; talent";;;
腫;0;10;0;;;;;;
腰;4;8;0;ヨウ;こし;"loins; hips; waist";;;
腸;0;4;0;チョウ;;;;;
腹;4;6;0;フク;はら;abdomen, belly, stomach;;;
腺;0;10;0;;;;;;
膏;0;7;0;;;;;;
膚;4;8;0;フ;はだ;"skin; body; texture";;;
膜;0;8;0;マク;;;;;
膝;0;10;0;;;;;;
膨;0;8;0;ボウ, ふくらむ, ふくれる;;;;;
膳;0;10;0;;;;;;
臆;0;9;0;;;;;;
臓;4;6;0;ゾウ;はらわた;"entrails; viscera; bowels";;;
臟;0;7;0;;;;;;
臣;4;4;0;シン, ジン;;"retainer; subject";;;
臥;0;7;0;;;;;;
臨;0;6;0;リン, のぞむ;;;;;
臭;0;8;0;シュウ, くさい;;;;;
至;0;6;0;シ, いたる;;;;;
致;0;8;0;チ, いたす;;;;;
臼;0;10;0;;;;;;
與;0;7;0;;;;;;
興;4;5;0;キョウ, コウ, おこす, おこる;;;;;
舌;0;5;0;ゼツ, した;;;;;
舎;0;5;0;シャ;;;;;
舗;0;8;0;ホ;;;;;
舜;0;7;0;;;;;;
舞;4;8;0;ブ;ま(う), まい;dance, circle;;;
舟;4;8;0;シュウ;ふね;"boat; ship";;;
航;3;4;0;コウ;;"navigate; sail; cruise; fly";;;
般;3;8;0;ハン;;"carrier; carry; all; general; sort; kind";;;
舵;0;10;0;;;;;;
舶;0;8;0;ハク;;;;;
舷;0;9;0;;;;;;
船;3;2;0;セン;ふね, ふな;ship, boat;;;
艇;0;8;0;テイ;;;;;
艦;0;8;0;カン;;;;;
艶;0;10;0;;;;;;
芋;0;8;0;-;いも;;;;
芙;0;7;0;;;;;;
芝;0;8;0;-;しば;;;;
芥;0;7;0;;;;;;
芦;0;7;0;;;;;;
芭;0;7;0;;;;;;
芯;0;10;0;;;;;;
芳;0;8;0;ホウ;かんばしい;;;;
芸;4;4;0;ゲイ;;"technique; art; craft; performance; acting";;;
芹;0;7;0;;;;;;
芽;0;4;0;ガ;め;;;;
苑;0;10;0;;;;;;
苔;0;7;0;;;;;;
苗;0;8;0;ビョウ;なえ, なわ;;;;
苛;0;10;0;;;;;;
苺;0;7;0;;;;;;
茂;0;8;0;モ;しげる;;;;
茄;0;7;0;;;;;;
茅;0;10;0;;;;;;
茉;0;7;0;;;;;;
茎;0;8;0;ケイ;くき;;;;
茜;0;10;0;;;;;;
茨;0;9;0;;;;;;
茸;0;7;0;;;;;;
茹;0;10;0;;;;;;
草;3;1;9;ソウ;くさ;grass, weeds, herbs;;;
荒;4;8;0;コウ;あら(い), あ(れる);"rough; wild";;;
荘;0;8;0;ソウ;;;;;
荻;0;10;0;;;;;;
莉;0;7;0;;;;;;
莊;0;7;0;;;;;;
莞;0;7;0;;;;;;
莫;0;7;0;;;;;;
菅;0;7;0;;;;;;
菊;0;8;0;キク;;;;;
菌;0;8;0;キン;;;;;
菓;4;8;0;カ;;"candy; cakes; fruit";;;
菖;0;7;0;;;;;;
菜;2;4;0;サイ;な;"vegetable; side dish; greens";;;
菩;0;7;0;;;;;;
菫;0;7;0;;;;;;
華;0;8;0;カ, ケ;はな;;;;
菱;0;7;0;;;;;;
萄;0;7;0;;;;;;
萊;0;7;0;;;;;;
萌;0;7;0;;;;;;
萎;0;9;0;;;;;;
萠;0;7;0;;;;;;
萩;0;10;0;;;;;;
萬;0;7;0;;;;;;
萱;0;7;0;;;;;;
葉;3;3;0;ヨウ;は;leaf, plane, needle, blade, counter for flat things;;;
著;4;6;0;チョ, チャク;あらわ(す), いちじる(しい);"renowned; publish; write";;;
葛;0;10;0;;;;;;
葡;0;7;0;;;;;;
董;0;7;0;;;;;;
葦;0;7;0;;;;;;
葬;0;8;0;ソウ;ほうむる;;;;
葱;0;10;0;;;;;;
葵;0;10;0;;;;;;
葺;0;7;0;;;;;;
蒐;0;7;0;;;;;;
蒔;0;10;0;;;;;;
蒙;0;9;0;;;;;;
蒲;0;7;0;;;;;;
蒸;4;6;0;ジョウ, セイ;む(す);"steam; heat; foment";;;
蒼;0;7;0;;;;;;
蓄;0;8;0;チク;たくわえる;;;;
蓉;0;7;0;;;;;;
蓋;0;10;0;;;;;;
蓑;0;7;0;;;;;;
蓬;0;7;0;;;;;;
蓮;0;7;0;;;;;;
蔑;0;9;0;;;;;;
蔓;0;7;0;;;;;;
蔣;0;7;0;;;;;;
蔦;0;10;0;;;;;;
蔭;0;10;0;;;;;;
蔵;4;6;0;ゾウ;くら;"storehouse; hide; own; have; possess";;;
蔽;0;9;0;;;;;;
蕃;0;7;0;;;;;;
蕉;0;7;0;;;;;;
蕎;0;7;0;;;;;;
蕗;0;7;0;;;;;;
蕨;0;7;0;;;;;;
蕪;0;7;0;;;;;;
蕾;0;7;0;;;;;;
薄;4;8;0;ハク;うす(い);"dilute; thin; weak (tea)";;;
薗;0;7;0;;;;;;
薙;0;7;0;;;;;;
薦;0;8;0;セン;すすめる;;;;
薩;0;7;0;;;;;;
薪;0;8;0;シン;たきぎ;;;;
薫;0;8;0;クン;かおる;;;;
藁;0;7;0;;;;;;
藍;0;9;0;;;;;;
藏;0;7;0;;;;;;
藝;0;7;0;;;;;;
藤;0;10;0;;;;;;
藥;0;7;0;;;;;;
藩;0;8;0;ハン;;;;;
藻;0;8;0;ソウ;も;;;;
蘇;0;10;0;;;;;;
蘭;0;7;0;;;;;;
虎;0;10;0;;;;;;
虐;0;8;0;ギャク;しいたげる;;;;
虚;0;8;0;キョ, コ;;;;;
虜;0;8;0;リョ;;;;;
虞;0;8;0;-;おそれ;;;;
虫;3;1;6;チュウ, キ;むし;"insect; bug";;;
虹;0;10;0;;;;;;
虻;0;10;0;;;;;;
蚊;0;8;0;-;か;;;;
蚕;0;6;0;サン, かいこ / テン;;;;;
蛇;0;8;0;ジャ, ダ, へび;;;;;
蛋;0;10;0;;;;;;
蛍;0;8;0;ケイ, ほたる;;;;;
蛮;0;8;0;バン;;;;;
蜂;0;9;0;;;;;;
蜜;0;9;0;;;;;;
蝦;0;7;0;;;;;;
蝶;0;10;0;;;;;;
融;0;8;0;ユウ;;;;;
螺;0;7;0;;;;;;
蟹;0;7;0;;;;;;
蠟;0;7;0;;;;;;
血;3;3;0;ケツ;ち;blood;;;
衆;0;6;0;シュ, シュウ;;;;;
街;4;4;0;カイ, ガイ, まち;;;;;
衛;0;5;0;エイ;;;;;
衝;0;8;0;ショウ;;;;;
衞;0;7;0;;;;;;
衡;0;8;0;コウ;;;;;
衣;4;4;0;イ, エ;ころも, きぬ;"garment; clothes; dressing";;;
衰;0;8;0;スイ, おとろえる;;;;;
衷;0;8;0;チュウ;;;;;
衿;0;7;0;;;;;;
袈;0;7;0;;;;;;
袋;4;8;0;タイ;ふくろ;"sack; bag; pouch";;;
袖;0;10;0;;;;;;
被;4;8;0;ヒ;こうむ(る), かぶ(る);"incur; cover; shelter; wear; put on";;;
袴;0;7;0;;;;;;
裁;0;6;0;サイ, さばく, たつ;;;;;
裂;0;8;0;レツ, さく, さける;;;;;
装;4;6;0;ソウ, ショウ;よそお(う);"attire; dress; pretend; disguise";;;
裏;4;6;0;リ;うら;"back; reverse; inside; rear";;;
裕;0;8;0;ユウ;;;;;
補;4;6;0;ホ;おぎな(う);"supplement; supply; offset; compensate";;;
裝;0;7;0;;;;;;
裟;0;7;0;;;;;;
裡;0;7;0;;;;;;
裳;0;7;0;;;;;;
裸;0;8;0;ラ, はだか;;;;;
製;3;5;0;セイ;;;;;
裾;0;10;0;;;;;;
複;4;5;0;フク;;"duplicate; double; compound; multiple";;;
褐;0;8;0;カツ;;;;;
褒;0;8;0;ホウ, ほめる;;;;;
襖;0;7;0;;;;;;
襟;0;8;0;キン, えり;;;;;
襲;0;8;0;シュウ, おそう;;;;;
覆;0;8;0;フク, おおう, くつがえす, くつがえる;;;;;
覇;0;8;0;ハ;;;;;
規;3;5;0;キ;;standard, measure;;;
視;4;6;0;シ;;;;;
覗;0;10;0;;;;;;
覧;0;6;0;ラン;;;;;
観;3;4;0;カン;み(る);outlook, appearance, condition;;;
覽;0;7;0;;;;;;
角;3;2;0;カク;かど, つの;"angle; corner; square";;;
解;3;5;0;カイ, ゲ;と(く), ほど(く);unravel, explanation;;;
触;4;8;0;ショク;ふ(れる), さわ(る);"contact; touch; feel; hit; proclaim; announce";;;
訂;0;8;0;テイ;;;;;
訃;0;9;0;;;;;;
訊;0;7;0;;;;;;
討;0;6;0;トウ, うつ;;;;;
訓;4;4;0;クン;よ(む), くん(ずる);instruction, explanation, read;;;
託;0;8;0;タク;;;;;
訟;0;8;0;ショウ;;;;;
訣;0;7;0;;;;;;
許;4;5;0;キョ;ゆる(す);permit, approve;;;
訳;0;6;0;ヤク, わけ;;;;;
訴;0;8;0;ソ, うったえる;;;;;
診;0;8;0;シン, みる;;;;;
註;0;7;0;;;;;;
証;0;5;0;ショウ;;;;;
詐;0;8;0;サ;;;;;
詔;0;8;0;ショウ, みことのり;;;;;
評;4;5;0;ヒョウ;;;;;
詞;4;6;0;シ;;"part of speech; words";;;
詠;0;8;0;エイ, よむ;;;;;
詢;0;7;0;;;;;;
詣;0;10;0;;;;;;
詩;0;3;0;シ;;;;;
詫;0;7;0;;;;;;
詮;0;9;0;;;;;;
詰;4;8;0;キツ;つ(める);"packed; close; rebuke; blame";;;
該;0;8;0;ガイ;;;;;
詳;0;8;0;ショウ, くわしい;;;;;
誇;0;8;0;コ, ほこる;;;;;
誉;0;8;0;ヨ, ほまれ;;;;;
認;3;6;0;ニン;みと(める), したた(める);acknowledge, witness, recognize;;;
誓;0;8;0;セイ, ちかう;;;;;
誕;0;6;0;タン;;;;;
誘;0;8;0;ユウ, さそう;;;;;
誠;0;6;0;セイ, まこと;;;;;
誤;4;6;0;ゴ;あやま(る);mistake;;;
誰;3;10;0;スイ;だれ;who, someone, somebody;;;
誼;0;7;0;;;;;;
諄;0;7;0;;;;;;
請;0;8;0;シン, セイ, うける, こう;;;;;
諏;0;7;0;;;;;;
諒;0;7;0;;;;;;
諜;0;10;0;;;;;;
諦;0;9;0;;;;;;
諧;0;9;0;;;;;;
諭;0;8;0;ユ, さとす;;;;;
諮;0;8;0;シ, はかる;;;;;
諸;4;6;0;ショ;もろ;"various; many; several; together";;;
諺;0;7;0;;;;;;
諾;0;8;0;ダク;;;;;
謀;0;8;0;ボウ, ム, はかる;;;;;
謁;0;8;0;エツ;;;;;
謂;0;7;0;;;;;;
謄;0;8;0;トウ;;;;;
謎;0;10;0;;;;;;
謙;0;8;0;ケン;;;;;
講;4;5;0;コウ;;"lecture; club; association";;;
謝;0;5;0;シャ, あやまる;;;;;
謠;0;7;0;;;;;;
謡;0;8;0;ヨウ, うたい, うたう;;;;;
謹;0;8;0;キン, つつしむ;;;;;
識;3;5;0;シキ;し(る);know;;;
譜;0;8;0;フ;;;;;
警;4;6;0;ケイ;;admonish, commandment;;;
譲;0;8;0;ジョウ, ゆずる;;;;;
護;0;5;0;ゴ;;;;;
讃;0;10;0;;;;;;
讐;0;10;0;;;;;;
讓;0;7;0;;;;;;
谷;3;2;0;コク;たに, きわ(まる);valley;;;
豆;0;3;0;ズ, トウ, まめ;;;;;
豊;4;5;0;ホウ, ブ;ゆた(か), とよ;"bountiful; excellent; rich";;;
豚;0;8;0;トン, ぶた;;;;;
象;3;4;0;ショウ, ゾウ;かたど(る);"elephant; pattern after; image; shape";;;
豪;0;8;0;ゴウ;;;;;
豹;0;7;0;;;;;;
貌;0;9;0;;;;;;
貞;0;8;0;テイ;;;;;
負;3;3;0;フ;ま(ける), お(う);defeat, negative, minus, assume a responsibility;;;
財;4;5;0;ザイ, サイ, ゾク;;property, money, wealth, assets;;;
貢;0;8;0;ク, コウ, みつぐ;;;;;
貧;4;5;0;ヒン, ビン;まず(しい);poverty, poor;;;
貨;4;4;0;カ;;"freight; goods; property";;;
販;4;8;0;ハン;;marketing, sell, trade;;;
貪;0;9;0;;;;;;
貫;0;8;0;カン, つらぬく;;;;;
責;3;5;0;セキ;せ(める);blame, condemn;;;
貯;4;4;0;チョ;た(める);"savings; store";;;
貰;0;10;0;;;;;;
貴;0;6;0;キ, たっとい, たっとぶ, とうとい, とうとぶ;;;;;
貼;0;10;0;;;;;;
貿;3;5;0;ボウ;;"trade; exchange";;;
賀;0;5;0;ガ;;;;;
賃;4;6;0;チン;;;;;
賄;0;8;0;ワイ, まかなう;;;;;
賊;0;8;0;ゾク;;;;;
賑;0;10;0;;;;;;
賓;0;8;0;ヒン;;;;;
賜;0;8;0;シ, たまわる;;;;;
賞;3;4;0;ショウ;ほ(める);"prize; reward; praise";;;
賠;0;8;0;バイ;;;;;
賢;4;8;0;ケン;かしこ(い);"intelligent; wise; wisdom; cleverness";;;
賣;0;7;0;;;;;;
賦;0;8;0;フ;;;;;
賭;0;10;0;;;;;;
購;0;8;0;コウ;;;;;
贈;4;8;0;ゾウ;おく(る);"presents; send; give to; award to";;;
赦;0;8;0;シャ;;;;;
赳;0;7;0;;;;;;
赴;0;8;0;フ, おもむく;;;;;
超;4;8;0;チョウ;こ(える);"transcend; super-; ultra-";;;
越;4;8;0;エツ;こ(す);surpass, cross over, move to, exceed;;;
趣;0;8;0;シュ, おもむき;;;;;
距;0;8;0;キョ;;;;;
跡;4;8;0;セキ;あと;"tracks; mark; print; impression";;;
跨;0;10;0;;;;;;
跳;0;8;0;チョウ, とぶ, はねる;;;;;
践;0;8;0;セン;;;;;
踊;4;8;0;ヨウ;おど(る);"jump; dance; leap; skip";;;
踏;0;8;0;トウ, ふまえる, ふむ;;;;;
踪;0;9;0;;;;;;
蹄;0;7;0;;;;;;
蹟;0;7;0;;;;;;
蹴;0;10;0;;;;;;
躍;0;8;0;ヤク, おどる;;;;;
身;3;3;0;シン;み;somebody, person;;;
軌;0;8;0;キ;;;;;
軍;3;4;0;グン;;army, force, troops;;;
軒;4;8;0;ケン;のき;"flats; counter for houses";;;
軟;4;8;0;ナン;やわ(らかい);soft;;;
軸;0;8;0;ジク;;;;;
載;0;8;0;サイ, のせる, のる;;;;;
輔;0;7;0;;;;;;
輝;0;8;0;キ, かがやく;;;;;
輩;0;8;0;ハイ;;;;;
輪;4;4;0;リン;わ;"wheel; ring; circle; link; loop; counter for wheels and flowers";;;
輯;0;7;0;;;;;;
輸;3;5;0;ユ, シュ;;transport, send, be inferior;;;
輿;0;7;0;;;;;;
轄;0;8;0;カツ;;;;;
轉;0;7;0;;;;;;
轍;0;10;0;;;;;;
轟;0;7;0;;;;;;
辛;4;8;0;シン;から(い), つら(い);"spicy; hot";;;
辣;0;9;0;;;;;;
辰;0;10;0;;;;;;
辱;0;8;0;ジョク, はずかしめる;;;;;
辺;3;4;0;ヘン;あた(り), ほと(り);"environs; boundary; border; vicinity";;;
辻;0;10;0;;;;;;
込;3;8;0;-;こ(む);crowded, mixture;;;
辿;0;7;0;;;;;;
迂;0;10;0;;;;;;
迄;0;7;0;;;;;;
迅;0;8;0;ジン;;;;;
迎;4;8;0;ゲイ;むか(える);welcome, meet, greet;;;
迦;0;7;0;;;;;;
迪;0;7;0;;;;;;
迫;0;8;0;ハク, せまる;;;;;
迭;0;8;0;テツ;;;;;
述;4;5;0;ジュツ;の(べる);"mention; state; speak";;;
迷;3;5;0;メイ;まよ(う);astray, be perplexed, in doubt, lost;;;
追;3;3;0;ツイ;お(う);chase, drive away;;;
逃;4;8;0;トウ;に(げる), のが(す);escape, flee;;;
逆;3;5;0;ギャク;さか(らう);"inverted; reverse; opposite";;;
透;0;8;0;トウ, すかす, すく, すける;;;;;
逐;0;8;0;チク;;;;;
逓;0;8;0;テイ;;;;;
途;4;8;0;ト;みち;route, way, road;;;
逗;0;7;0;;;;;;
這;0;10;0;;;;;;
逝;0;8;0;セイ, ゆく;;;;;
逞;0;7;0;;;;;;
造;3;5;0;ゾウ;つく(る);"create; make; structure; physique";;;
逢;0;7;0;;;;;;
逮;0;8;0;タイ;;;;;
逸;0;8;0;イツ;;;;;
遁;0;7;0;;;;;;
遂;0;8;0;スイ, とげる;;;;;
遇;0;8;0;グウ;;;;;
遍;0;8;0;ヘン;;;;;
達;3;4;0;タツ, ダ;#ИМЯ?;accomplished, reach, arrive, attain;;;
遙;0;7;0;;;;;;
遜;0;9;0;;;;;;
遡;0;7;0;;;;;;
遣;0;8;0;ケン, つかう, つかわす;;;;;
遥;0;7;0;;;;;;
遭;0;8;0;ソウ, あう;;;;;
遮;0;8;0;シャ, さえぎる;;;;;
遵;0;8;0;ジュン;;;;;
遷;0;8;0;セン;;;;;
遺;0;6;0;イ, ユイ;;;;;
遼;0;7;0;;;;;;
避;0;8;0;ヒ, さける;;;;;
還;0;8;0;カン;;;;;
邑;0;7;0;;;;;;
那;0;10;0;;;;;;
邦;0;8;0;ホウ;;;;;
邪;0;8;0;ジャ;;;;;
邸;0;8;0;テイ;;;;;
郁;0;7;0;;;;;;
郊;4;8;0;コウ;;outskirts, suburbs, rural area;;;
郎;0;8;0;ロウ;;;;;
郡;0;4;0;グン;;;;;
郭;0;8;0;カク;;;;;
郵;4;6;0;ユウ;;"mail; stagecoach stop";;;
郷;0;6;0;キョウ, ゴウ;;;;;
鄭;0;7;0;;;;;;
酉;0;10;0;;;;;;
酌;0;8;0;シャク, くむ;;;;;
酎;0;10;0;;;;;;
酔;0;8;0;スイ, よう;;;;;
酢;0;8;0;サク, す;;;;;
酪;0;8;0;ラク;;;;;
酬;0;8;0;シュウ;;;;;
酵;0;8;0;コウ;;;;;
酷;0;8;0;コク;;;;;
酸;0;5;0;サン, すい;;;;;
醇;0;7;0;;;;;;
醉;0;7;0;;;;;;
醍;0;7;0;;;;;;
醐;0;7;0;;;;;;
醒;0;10;0;;;;;;
醜;0;8;0;シュウ, みにくい;;;;;
醤;0;10;0;;;;;;
醬;0;7;0;;;;;;
醸;0;8;0;ジョウ, かもす;;;;;
釀;0;7;0;;;;;;
采;0;10;0;;;;;;
釈;0;8;0;シャク;;;;;
釉;0;7;0;;;;;;
里;0;2;0;リ, さと;;;;;
量;3;4;0;リョウ;はか(る);"quantity; measure; weight; amount";;;
釘;0;7;0;;;;;;
釜;0;10;0;;;;;;
針;4;6;0;シン;はり;"needle; pin; staple; stinger";;;
釣;0;8;0;チョウ, つる;;;;;
釧;0;7;0;;;;;;
鈍;4;8;0;ドン;にぶ(い), なまく(ら);"dull; slow; foolish; blunt";;;
鈴;0;8;0;リン, レイ, すず;;;;;
鉛;0;8;0;エン, なまり;;;;;
鉢;0;8;0;ハチ, ハツ;;;;;
鉱;4;5;0;コウ;あらがね;"mineral; ore";;;
銃;0;8;0;ジュウ;;;;;
銅;4;5;0;ドウ;あかがね;copper;;;
銑;0;8;0;セン;;;;;
銘;0;8;0;メイ;;;;;
銚;0;10;0;;;;;;
銭;0;5;0;セン, ぜに;;;;;
鋒;0;7;0;;;;;;
鋭;4;8;0;エイ;するど(い);"pointed; sharpness; edge; weapon; sharp; violent";;;
鋳;0;8;0;チュウ, いる;;;;;
鋸;0;7;0;;;;;;
鋼;0;6;0;コウ, はがね;;;;;
錆;0;7;0;;;;;;
錐;0;7;0;;;;;;
錘;0;8;0;スイ, つむ;;;;;
錠;0;8;0;ジョウ;;;;;
錦;0;10;0;;;;;;
錫;0;10;0;;;;;;
錬;0;8;0;レン;;;;;
錯;0;8;0;サク;;;;;
録;4;4;0;ロク;と(る);record;;;
鍋;0;10;0;;;;;;
鍛;0;8;0;タン, きたえる;;;;;
鍬;0;7;0;;;;;;
鍵;0;10;0;;;;;;
鎌;0;10;0;;;;;;
鎖;0;8;0;サ, くさり;;;;;
鎧;0;7;0;;;;;;
鎭;0;7;0;;;;;;
鎮;0;8;0;チン, しずまる, しずめる;;;;;
鏡;0;4;0;キョウ, かがみ;;;;;
鐘;0;8;0;ショウ, かね;;;;;
鑄;0;7;0;;;;;;
鑑;0;8;0;カン;;;;;
閃;0;10;0;;;;;;
閏;0;10;0;;;;;;
閑;0;8;0;カン;;;;;
閣;0;6;0;カク;;;;;
閤;0;7;0;;;;;;
閥;0;8;0;バツ;;;;;
閲;0;8;0;エツ;;;;;
闇;0;10;0;;;;;;
闘;0;8;0;トウ, たたかう;;;;;
阜;0;9;0;;;;;;
阪;3;9;0;ハン;さか;heights, slope;;;
防;3;5;0;ボウ;ふせ(ぐ);"ward off; defend; protect; resist";;;
阻;0;8;0;ソ, はばむ;;;;;
阿;0;10;0;;;;;;
陀;0;7;0;;;;;;
附;0;8;0;フ;;;;;
限;3;5;0;ゲン;かぎ(る);limit, restrict;;;
陛;0;6;0;ヘイ;;;;;
陣;0;8;0;ジン;;;;;
除;4;6;0;ジョ, ジ;のぞ(く);exclude, remove;;;
陥;0;8;0;カン, おちいる, おとしいれる;;;;;
陪;0;8;0;バイ;;;;;
陰;0;8;0;イン, かげ, かげる;;;;;
陳;0;8;0;チン;;;;;
陵;0;8;0;リョウ, みささぎ;;;;;
陶;0;8;0;トウ;;;;;
陷;0;7;0;;;;;;
陸;4;4;0;リク, ロク;おか;"land; six";;;
険;3;5;0;ケン;けわ(しい);precipitous, inaccessible place;;;
陽;3;3;0;ヨウ;ひ;sunshine, positive;;;
隅;4;8;0;グウ;すみ;"corner; nook";;;
隆;0;8;0;リュウ;;;;;
隈;0;10;0;;;;;;
隊;4;4;0;タイ;;;;;
随;0;8;0;ズイ;;;;;
隔;0;8;0;カク, へだたる, へだてる;;;;;
隙;0;10;0;;;;;;
際;3;5;0;サイ;きわ;occasion, time;;;
障;0;6;0;ショウ, さわる;;;;;
隠;0;8;0;イン, かくす, かくれる;;;;;
隣;0;8;0;リン, となり, となる;;;;;
險;0;7;0;;;;;;
隷;0;8;0;レイ;;;;;
隻;4;8;0;セキ;;"vessels; counter for ships; fish; one of a pair";;;
隼;0;10;0;;;;;;
雀;0;10;0;;;;;;
雁;0;10;0;;;;;;
雄;0;8;0;ユウ, お, おす;;;;;
雅;0;8;0;ガ;;;;;
雇;4;8;0;コ;やと(う);"employ; hire";;;
雌;0;8;0;シ, め, めす;;;;;
雛;0;10;0;;;;;;
雜;0;7;0;;;;;;
雫;0;7;0;;;;;;
雰;0;8;0;フン;;;;;
零;4;8;0;レイ;ぜろ;"zero; spill; overflow; nothing";;;
雷;0;8;0;ライ, かみなり;;;;;
需;0;8;0;ジュ;;;;;
震;4;8;0;シン;ふる(う);"quake; shake; tremble; quiver";;;
霊;0;8;0;リョウ, レイ, たま;;;;;
霜;0;8;0;ソウ, しも;;;;;
霞;0;10;0;;;;;;
霧;0;8;0;ム, きり;;;;;
露;0;8;0;ロ, ロウ, つゆ;;;;;
靖;0;7;0;;;;;;
靜;0;7;0;;;;;;
革;4;6;0;カク;かわ;"leather; skin; reform; become serious";;;
靴;4;8;0;カ;くつ;shoes;;;
鞄;0;10;0;;;;;;
鞍;0;10;0;;;;;;
鞘;0;7;0;;;;;;
鞠;0;7;0;;;;;;
鞭;0;7;0;;;;;;
韓;0;10;0;;;;;;
韻;0;8;0;イン;;;;;
響;0;8;0;キョウ, ひびく;;;;;
頁;0;7;0;;;;;;
頂;4;6;0;チョウ;いただ(く);receive, top, summit, peak;;;
頃;0;10;0;;;;;;
項;0;8;0;コウ;;;;;
順;3;4;0;ジュン;;"obey; order; turn; occasion";;;
須;0;10;0;;;;;;
頌;0;7;0;;;;;;
預;4;5;0;ヨ;あず(ける);"deposit; custody; leave with; entrust to";;;
頑;0;8;0;ガン;;;;;
頒;0;8;0;ハン;;;;;
頓;0;10;0;;;;;;
頗;0;7;0;;;;;;
領;4;5;0;リョウ;;jurisdiction, dominion;;;
頬;0;10;0;;;;;;
頰;0;7;0;;;;;;
頻;0;8;0;ヒン;;;;;
頼;4;8;0;ライ;たの(む), たよ(る);trust, request;;;
額;3;5;0;ガク;ひたい;"forehead; tablet; framed picture; sum; amount; volume";;;
顎;0;9;0;;;;;;
顕;0;8;0;ケン;;;;;
顛;0;7;0;;;;;;
顧;0;8;0;コ, かえりみる;;;;;
顯;0;7;0;;;;;;
颯;0;7;0;;;;;;
飜;0;7;0;;;;;;
飢;0;8;0;キ, うえる;;;;;
飼;0;5;0;シ, かう;;;;;
飽;0;8;0;ホウ, あかす, あきる;;;;;
飾;0;8;0;ショク, かざる;;;;;
餅;0;9;0;;;;;;
養;0;4;0;ヨウ, やしなう;;;;;
餌;0;10;0;;;;;;
餓;0;8;0;ガ;;;;;
饗;0;7;0;;;;;;
首;2;2;0;シュ;くび;neck;;;
香;4;8;0;コウ, キョウ;かお(り);"incense; smell; perfume";;;
馨;0;7;0;;;;;;
馳;0;10;0;;;;;;
馴;0;7;0;;;;;;
駄;0;8;0;ダ;;;;;
駆;0;8;0;ク, かける, かる;;;;;
駈;0;7;0;;;;;;
駐;4;8;0;チュウ;;"stop-over; reside in; resident";;;
駒;0;10;0;;;;;;
駕;0;7;0;;;;;;
駿;0;7;0;;;;;;
騎;0;8;0;キ;;;;;
騒;0;8;0;ソウ, さわぐ;;;;;
騰;0;8;0;トウ;;;;;
騷;0;7;0;;;;;;
驍;0;7;0;;;;;;
驗;0;7;0;;;;;;
骨;4;6;0;コツ;ほね;"skeleton; bone; remains; frame";;;
骸;0;9;0;;;;;;
髄;0;8;0;ズイ;;;;;
髪;4;8;0;ハツ;かみ;hair (on the head);;;
髭;0;10;0;;;;;;
髮;0;7;0;;;;;;
鬱;0;9;0;;;;;;
鬼;0;8;0;キ;おに;;;;
魁;0;7;0;;;;;;
魂;0;8;0;コン;たましい;;;;
魅;0;8;0;ミ;;;;;
魔;0;8;0;マ;;;;;
魯;0;7;0;;;;;;
鮎;0;7;0;;;;;;
鮮;0;8;0;セン;あざやか;;;;
鯉;0;10;0;;;;;;
鯛;0;10;0;;;;;;
鯨;0;8;0;ゲイ;くじら;;;;
鰯;0;10;0;;;;;;
鱈;0;10;0;;;;;;
鱒;0;7;0;;;;;;
鱗;0;7;0;;;;;;
鳩;0;10;0;;;;;;
鳳;0;7;0;;;;;;
鳴;3;2;0;メイ;な(る);chirp, cry, bark;;;
鳶;0;7;0;;;;;;
鴨;0;10;0;;;;;;
鴻;0;7;0;;;;;;
鵜;0;10;0;;;;;;
鵬;0;7;0;;;;;;
鶏;0;8;0;ケイ;にわとり;;;;
鶴;0;10;0;;;;;;
鷄;0;7;0;;;;;;
鷗;0;7;0;;;;;;
鷲;0;7;0;;;;;;
鷹;0;10;0;;;;;;
鷺;0;7;0;;;;;;
鹿;0;10;0;;;;;;
麒;0;7;0;;;;;;
麓;0;9;0;;;;;;
麗;0;8;0;レイ;うるわしい;;;;
麟;0;7;0;;;;;;
麦;4;2;0;バク;むぎ;"barley; wheat";;;
麹;0;10;0;;;;;;
麺;0;9;0;;;;;;
麻;0;8;0;マ;あさ;;;;
麿;0;7;0;;;;;;
黄;4;2;0;コウ, オウ;き;yellow;;;
黎;0;7;0;;;;;;
默;0;7;0;;;;;;
黙;0;8;0;モク;だまる;;;;
黛;0;10;0;;;;;;
鼎;0;7;0;;;;;;
鼓;0;8;0;コ;つづみ;;;;
鼻;3;3;0;ビ;はな;"nose; snout";;;
齊;0;7;0;;;;;;
齢;4;8;0;レイ;よわい, とし;age;;;
龍;0;7;0;;;;;;
